name,source_zipcode,wkt,longitude,latitude,Name,,query,year_2005,year_2006,year_2007,year_2008,year_2009,year_2010,year_2011,year_2012,year_2013,year_2014,year_2015,stacked,annoline1,annoline2,annoline3,annoangle,borough,source_bldgzip,source_po_0me,source_population,source_area,source_state,source_county,source_st_fips,source_cty_fips,source_url,source_shape_area,source_shape_len
Fieldston,10471,0101000020E6100000F7D45C0CF67952C0511590B19D724440,-73.84720052,40.89470518,Wakefield,10466,Wakefield and Bronx and artist,7,9,10,13,13,8,11,6,9,17,17,1,Fieldston,,,0,Bronx,0,Bronx,23477,89651407.06,NY,Bronx,36,5,http://www.usps.com/,0,0
Riverdale,10471,0101000020E6100000C88AD9CC677A52C0BDB45CDD06724440,-73.82993911,40.87429419,Co-op City,10475,"""Co-op City"" and Bronx and artist",8,5,3,6,4,6,9,5,5,6,12,1,Riverdale,,,0,Bronx,0,Bronx,23477,89651407.06,NY,Bronx,36,5,http://www.usps.com/,0,0
North Riverdale,10471,0101000020E610000096A419D4E37952C090DFA5214B744440,-73.82780645,40.88755568,Eastchester,10466,Eastchester and Bronx and artist,10,5,8,5,2,12,3,8,2,18,8,2,North,Riverdale,,0,Bronx,0,Bronx,23477,89651407.06,NY,Bronx,36,5,http://www.usps.com/,0,0
Kingsbridge,10463,0101000020E61000009B5D18C5C77952C0B74FBC21DB704440,-73.9056426,40.89543743,Fieldston,10471,Fieldston and Bronx and artist,5,9,2,6,1,4,14,10,3,0,0,1,Kingsbridge,,,0,Bronx,0,Bronx,70641,36703381.51,NY,Bronx,36,5,http://www.usps.com/,0,0
Spuyten Duyvil,10463,0101000020E6100000B535B53FB37A52C05C1EF58CD1704440,-73.91258546,40.89083449,Riverdale,10471,Riverdale and Bronx and artist,49,69,76,49,74,46,109,121,106,103,108,2,Spuyten,Duyvil,,0,Bronx,0,Bronx,70641,36703381.51,NY,Bronx,36,5,http://www.usps.com/,0,0
Co-op City,10475,0101000020E61000001CC4EBB81D7552C0D81243DFE86F4440,-73.90281799,40.88168737,Kingsbridge,10463,Kingsbridge and Bronx and artist,9,9,11,22,19,10,25,28,20,27,22,2,Co-op,City,,0,Bronx,0,Bronx,40931,38633296.93,NY,Bronx,36,5,http://www.usps.com/,0,0
Greenpoint,11222,0101000020E6100000E4148E48127D52C023C0D239775D4440,-73.91065966,40.87655078,Marble Hill,10463,"""Marble Hill"" and Manhattan and artist",1,3,3,6,1,1,3,1,3,2,4,1,Greenpoint,,,0,Brooklyn,0,Brooklyn,36315,42825293.24,NY,Kings,36,47,http://www.usps.com/,0,0
Ridgewood,11385,0101000020E610000084A9291DB17952C0B44E4B55AA5A4440,-73.86731497,40.89827261,Woodlawn,10470,Woodlawn and Bronx and artist,11,12,12,15,14,27,13,12,21,22,17,1,Ridgewood,,,0,Queens,0,Ridgewood,98436,124786310.9,NY,Queens,36,81,http://www.usps.com/,0,0
Glendale,11385,0101000020E6100000EEA7493BBA7752C0C4298A1EF4594440,-73.87939074,40.87722416,Norwood,10467,Norwood and Bronx and artist,9,21,8,5,17,16,16,13,9,4,14,1,Glendale,,,0,Queens,0,Ridgewood,98436,124786310.9,NY,Queens,36,81,http://www.usps.com/,0,0
Brooklyn Heights,11201,0101000020E6100000AE1AE3209A7F52C056C9FD0F12594440,-73.85744643,40.88103888,Williamsbridge,10467,Williamsbridge and Bronx and artist,0,0,1,2,0,2,7,3,1,5,4,2,Brooklyn,Heights,,0,Brooklyn,0,Brooklyn,53041,41094886.77,NY,Kings,36,47,http://www.usps.com/,0,0
Cobble Hill,11201,0101000020E6100000D19E0A6EE87F52C0AF2CE3C00D584440,-73.8357976,40.86685811,Baychester,10469,Baychester and Bronx and artist,2,0,4,9,1,3,1,4,0,2,2,2,Cobble,Hill,,0,Brooklyn,0,Brooklyn,53041,41094886.77,NY,Kings,36,47,http://www.usps.com/,0,0
Downtown,11201,0101000020E6100000B55E5D10F17E52C06CA0AE936D584440,-73.85475564,40.8574135,Pelham Parkway,10461,"""Pelham Parkway"" and Bronx and artist",5,3,1,1,2,2,1,4,2,4,2,2,Down-,town,,0,Brooklyn,0,Brooklyn,53041,41094886.77,NY,Kings,36,47,http://www.usps.com/,0,0
Vinegar Hill,11201,0101000020E6100000FCF7E99ACA7E52C08C055A70065A4440,-73.78648845,40.8472467,City Island,10464,"""City Island"" and Bronx and artist",9,11,6,11,9,74,10,39,19,38,6,2,Vinegar,Hill,,0,Brooklyn,0,Brooklyn,53041,41094886.77,NY,Kings,36,47,http://www.usps.com/,0,0
Dumbo,11201,0101000020E6100000FDF4DAB9477F52C0308792AE015A4440,-73.88551218,40.87018516,Bedford Park,10458,"""Bedford Park"" and Bronx and artist",35,71,68,66,57,33,45,83,44,36,61,1,Dumbo,,,0,Brooklyn,0,Brooklyn,53041,41094886.77,NY,Kings,36,47,http://www.usps.com/,0,0
Cypress Hills,11208,0101000020E610000087DFD19E0D7852C050454C25A2574440,-73.91041596,40.85572708,University Heights,10453,"""University Heights"" and Bronx and artist",5,2,2,0,2,1,4,12,5,8,4,2,Cypress,Hills,,0,Brooklyn,0,Brooklyn,94410,79303684.26,NY,Kings,36,47,http://www.usps.com/,0,0
East New York,11208,0101000020E61000008138D35D5D7852C0ADF11720C0554440,-73.91967159,40.84789793,Morris Heights,10453,"""Morris Heights"" and Bronx and artist",3,1,3,3,3,4,2,2,2,1,3,1,East New York,,,0,Brooklyn,0,Brooklyn,94410,79303684.26,NY,Kings,36,47,http://www.usps.com/,0,0
City Line,11208,0101000020E6100000A9D320EB8C7752C091455F61DB564440,-73.89642656,40.8609968,Fordham,10458,Fordham and Bronx and artist,51,84,111,98,76,96,68,163,84,111,95,2,City,Line,,0,Brooklyn,0,Brooklyn,94410,79303684.26,NY,Kings,36,47,http://www.usps.com/,0,0
Spring Creek,11208,0101000020E6100000E9A245E1AD7752C088EBCA231D544440,-73.88735618,40.84269616,East Tremont,10460,"""East Tremont"" and Bronx and artist",8,9,9,3,6,7,5,7,3,11,9,2,Spring,Creek,,0,Brooklyn,0,Brooklyn,94410,79303684.26,NY,Kings,36,47,http://www.usps.com/,0,0
Carroll Gardens,11231,0101000020E610000098D6631B068052C0FC31FE1850574440,-73.87774475,40.83947506,West Farms,10460,"""West Farms"" and Bronx and artist",3,2,7,1,1,4,3,6,5,8,2,2,Carroll,Gardens,,0,Brooklyn,0,Brooklyn,33144,39379691.79,NY,Kings,36,47,http://www.usps.com/,0,0
Red Hook,11231,0101000020E610000018CE040BD18052C0FCDE41778F564440,-73.92610209,40.83662301,High  Bridge,10452,"""High  Bridge"" and Bronx and artist",1,0,4,5,0,1,1,1,3,5,6,2,Red,Hook,,0,Brooklyn,0,Brooklyn,33144,39379691.79,NY,Kings,36,47,http://www.usps.com/,0,0
Inwood,10034,0101000020E610000018D98E1CF57A52C0D264A544106F4440,-73.90942161,40.81975437,Melrose,10456,Melrose and Bronx and artist,7,13,12,13,10,13,6,13,23,15,24,1,Inwood,,,0,Manhattan,0,New York,39149,24503892.12,NY,New York,36,61,http://www.usps.com/,0,0
Bayside,11361,0101000020E61000001C7DFCB28D7152C01DAA949E0D624440,-73.91609987,40.80623875,Mott Haven,10454,"""Mott Haven"" and Bronx and artist",19,24,16,32,17,19,27,28,34,21,38,1,Bayside,,,0,Queens,0,Bayside,28496,50163518.24,NY,Queens,36,81,http://www.usps.com/,0,0
Long Island City,11101,0101000020E61000001460B5E31B7C52C007353B1F07604440,-73.91322139,40.80166363,Port Morris,10454,"""Port Morris"" and Bronx and artist",9,6,0,0,1,2,3,3,2,2,29,3,Long,Island,City,0,Queens,0,Long Island City,26254,78962088.74,NY,Queens,36,81,http://www.usps.com/,0,0
Hunters Point,11101,0101000020E61000003F4E9E2B0C7D52C035206231285F4440,-73.8957882,40.81509905,Longwood,10455,Longwood and Bronx and artist,17,27,24,18,12,17,39,35,35,39,37,2,Hunters,Point,,0,Queens,0,Long Island City,26254,78962088.74,NY,Queens,36,81,http://www.usps.com/,0,0
Blissville,11101,0101000020E61000002375B022AD7B52C09E1D433B5E5E4440,-73.88331506,40.80972988,Hunts Point,10474,Hunts Point and Bronx and artist,28,14,16,33,10,16,42,41,33,21,19,1,Blissville,,,0,Queens,0,Long Island City,26254,78962088.74,NY,Queens,36,81,http://www.usps.com/,0,0
Chinatown,10002,0101000020E61000001152E845A27F52C0AE206C62995B4440,-73.90150649,40.82359199,Morrisania,10459,Morrisania and Bronx and artist,15,11,19,50,23,20,22,38,45,39,29,1,Chi0town,,,0,Manhattan,0,New York,81305,26280128.54,NY,New York,36,61,http://www.usps.com/,0,0
Lower East Side,10002,0101000020E61000004D5531E8C67E52C00BBF6F17E15B4440,-73.8657461,40.8210122,Soundview,10473,Soundview and Bronx and artist,3,7,10,4,5,3,22,10,7,15,14,3,Lower,East,Side,0,Manhattan,0,New York,81305,26280128.54,NY,New York,36,61,http://www.usps.com/,0,0
Maspeth,11378,0101000020E6100000E1981E9F5B7952C07DADDFCDDA5C4440,-73.85414416,40.80655112,Clason Point,10473,Clason Point and Bronx and artist,2,0,0,0,1,0,2,0,0,0,0,1,Maspeth,,,0,Queens,0,Maspeth,35473,66260538.74,NY,Queens,36,81,http://www.usps.com/,0,0
Financial District,10005,0101000020E6100000B6981EBEAE8052C07E3F567C825A4440,-73.81635002,40.81510926,Throgs Neck,10465,Throgs Neck and Bronx and artist,6,7,8,2,5,2,6,6,5,12,3,2,Fi0ncial,District,,0,Manhattan,0,New York,8107,2082901.141,NY,New York,36,61,http://www.usps.com/,0,0
Starrett City,11239,0101000020E61000001824DA97477852C0F974B432E4524440,-73.82409927,40.84424594,Country Club,10465,Country Club and Bronx and artist,21,32,39,41,32,25,25,20,33,28,54,2,Starrett,City,,0,Brooklyn,0,Brooklyn,12562,41794660.77,NY,Kings,36,47,http://www.usps.com/,0,0
Bedford Park,10458,0101000020E6100000EFD34B3BAC7852C04C843C3A626F4440,-73.85600311,40.83793782,Parkchester,10462,Parkchester and Bronx and artist,1,1,1,4,0,7,7,5,2,5,7,2,Bedford,Park,,0,Bronx,0,Bronx,79362,35968812.9,NY,Bronx,36,5,http://www.usps.com/,0,0
Fordham,10458,0101000020E6100000516B810D5F7952C076389D24356E4440,-73.84219408,40.8406195,Westchester Square,10461,Westchester Square and Bronx and artist,1,0,0,1,3,5,15,9,6,5,9,1,Fordham,,,0,Bronx,0,Bronx,79362,35968812.9,NY,Bronx,36,5,http://www.usps.com/,0,0
Belmont,10458,0101000020E6100000AA839D65DC7852C04EA48B41BB6D4440,-73.86629918,40.84360847,Van Nest,10462,Van Nest and Bronx and artist,0,0,0,0,1,2,4,2,4,0,0,1,Belmont,,,0,Bronx,0,Bronx,79362,35968812.9,NY,Bronx,36,5,http://www.usps.com/,0,0
East Tremont,10460,0101000020E6100000BE3A8E71CA7852C0EE3CBB77DD6B4440,-73.85040178,40.84754906,Morris Park,10461,Morris Park and Bronx and artist,5,8,4,4,9,4,12,6,8,2,9,2,East,Tremont,,0,Bronx,0,Bronx,56670,35155666.65,NY,Bronx,36,5,http://www.usps.com/,0,0
West Farms,10460,0101000020E610000036E94FF82C7852C064392DEB736B4440,-73.88845196,40.8572771,Belmont,10458,Belmont and Bronx and artist,12,19,12,17,10,9,14,15,23,14,27,2,West,Farms,,0,Bronx,0,Bronx,56670,35155666.65,NY,Bronx,36,5,http://www.usps.com/,0,0
High  Bridge,10452,0101000020E61000001B2CB741457B52C029087B76166B4440,-73.91719048,40.88139498,Spuyten Duyvil,10463,Spuyten Duyvil and Bronx and artist,2,2,1,2,1,0,5,18,8,7,9,2,High,Bridge,,0,Bronx,0,Bronx,76104,27550385.85,NY,Bronx,36,5,http://www.usps.com/,0,0
Mount Eden,10452,0101000020E6100000C9757BD8A87A52C0D240047F026C4440,-73.90453055,40.90854283,North Riverdale,10471,North Riverdale and Bronx and artist,0,0,0,0,1,1,0,0,0,0,0,2,Mount,Eden,,0,Bronx,0,Bronx,76104,27550385.85,NY,Bronx,36,5,http://www.usps.com/,0,0
Unionport,10472,0101000020E61000009AD3602B6F7652C0C635500B366A4440,-73.83207378,40.85064141,Pelham Bay,10461,Pelham Bay and Bronx and artist,7,10,13,19,12,15,13,16,22,72,10,1,Unionport,,,0,Bronx,0,Bronx,66356,30963245.19,NY,Bronx,36,5,http://www.usps.com/,0,0
Concourse Village,10451,0101000020E6100000EA09C13A9D7A52C04E46396892694440,-73.82620276,40.82657952,Schuylerville,10465,Schuylerville and Bronx and artist,0,0,0,2,0,0,0,3,0,0,1,2,Concourse,Village,,0,Bronx,0,Bronx,44140,28944106.52,NY,Bronx,36,5,http://www.usps.com/,0,0
Soundview,10473,0101000020E61000008AC14F62687752C038D47DED16694440,-73.81388514,40.82198612,Edgewater Park,10465,Edgewater Park and Bronx and artist,2,0,0,0,0,0,0,2,0,1,1,1,Soundview,,,0,Bronx,0,Bronx,58284,59522354.54,NY,Bronx,36,5,http://www.usps.com/,0,0
Clason Point,10473,0101000020E61000008359464CAA7652C0A28D2D113D674440,-73.8480273,40.81901438,Castle Hill,10473,Castle Hill and Bronx and artist,9,0,6,2,2,5,7,4,4,20,2,2,Clason,Point,,0,Bronx,0,Bronx,58284,59522354.54,NY,Bronx,36,5,http://www.usps.com/,0,0
Castle Hill,10473,0101000020E61000006C6C4714467652C0340F8E76D5684440,-73.86332362,40.87137078,Olinville,10467,Olinville and Bronx and artist,0,0,0,4,1,0,0,0,4,1,1,2,Castle,Hill,,0,Bronx,0,Bronx,58284,59522354.54,NY,Bronx,36,5,http://www.usps.com/,0,0
Hunts Point,10474,0101000020E61000000A36E33B887852C0E8478B3AA5674440,-73.84161195,40.86296562,Pelham Gardens,10469,Pelham Gardens and Bronx and artist,0,0,1,0,1,1,0,1,0,0,12,2,Hunts,Point,,0,Bronx,0,Bronx,12281,40614090.19,NY,Bronx,36,5,http://www.usps.com/,0,0
Upper West Side,10024,0101000020E6100000208C7623887E52C0F21130FAD1644440,-73.91558942,40.83428381,Concourse,10456,Concourse and Bronx and artist,47,73,69,94,71,55,133,151,172,153,145,3,Upper,West,Side,0,Manhattan,0,New York,58521,22877335.46,NY,New York,36,61,http://www.usps.com/,0,0
Mott Haven,10454,0101000020E6100000879D5E61A17A52C0F39DD2D432674440,-73.85053524,40.8297743,Unionport,10472,Unionport and Bronx and artist,1,0,2,0,1,0,0,1,0,0,1,1,Mott Haven,,,0,Bronx,0,Bronx,37466,31063613.33,NY,Bronx,36,5,http://www.usps.com/,0,0
Port Morris,10454,0101000020E61000001C292538727A52C08BCDEBE99C664440,-73.84808272,40.8845613,Edenwald,10466,Edenwald and Bronx and artist,0,0,0,2,1,2,1,1,2,1,0,2,Port,Morris,,0,Bronx,0,Bronx,37466,31063613.33,NY,Bronx,36,5,http://www.usps.com/,0,0
Whitestone,11357,0101000020E61000003BF166E31B7452C05860F85501644440,-74.03062069,40.62580107,Bay Ridge,11209,Bay Ridge and Brooklyn and artist,49,44,38,30,30,42,58,67,49,32,33,1,Whitestone,,,0,Queens,0,Whitestone,38944,77359110.61,NY,Queens,36,81,http://www.usps.com/,0,0
Beechhurst,11357,0101000020E6100000B2DE4FB57A7352C0ACAB6CDC79654440,-73.99517998,40.6110089,Bensonhurst,11214,Bensonhurst and Brooklyn and artist,34,21,18,9,15,17,31,46,27,29,14,1,Beechhurst,,,0,Queens,0,Whitestone,38944,77359110.61,NY,Queens,36,81,http://www.usps.com/,0,0
Malba,11357,0101000020E6100000455C0B49E87452C091198B6E32654440,-74.01031619,40.64510295,Sunset Park,11220,Sunset Park and Brooklyn and artist,21,20,30,39,47,51,55,63,59,89,213,1,Malba,,,0,Queens,0,Whitestone,38944,77359110.61,NY,Queens,36,81,http://www.usps.com/,0,0
College Point,11356,0101000020E6100000B0483A74F47552C07F4E7BB177644440,-73.95424093,40.73020098,Greenpoint,11222,Greenpoint and Brooklyn and artist,110,107,135,101,88,88,130,170,170,270,149,2,College,Point,,0,Queens,0,College Point,23379,43321159.27,NY,Queens,36,81,http://www.usps.com/,0,0
Bay Terrace,11360,0101000020E6100000A943AF20B77152C0EA5D6D3134644440,-73.97347088,40.59526001,Gravesend,11223,Gravesend and Brooklyn and artist,5,4,8,5,3,5,13,3,10,5,8,2,Bay,Terrace,,0,Queens,0,Bayside,18973,38834824.17,NY,Queens,36,81,http://www.usps.com/,0,0
Steinway,11105,0101000020E6100000FC15E51CBF7952C03633047251634440,-73.96509449,40.57682507,Brighton Beach,11235,Brighton Beach and Brooklyn and artist,28,21,42,20,48,30,56,93,43,44,38,1,Steinway,,,0,Queens,0,Astoria,36906,48795608.08,NY,Queens,36,81,http://www.usps.com/,0,0
Little Neck,11363,0101000020E6100000FA11D0194A6F52C0A78BC46EAA624440,-73.9431864,40.58689013,Sheepshead Bay,11235,Sheepshead Bay and Brooklyn and artist,34,24,25,12,20,22,42,19,28,21,25,2,Little,Neck,,0,Queens,0,Little Neck,7060,24242790.02,NY,Queens,36,81,http://www.usps.com/,0,0
Douglaston,11363,0101000020E6100000FA643317856F52C012CA4F0328624440,-73.95743841,40.61443251,Manhattan Terrace,11230,Manhattan Terrace and Brooklyn and artist,0,0,0,0,0,0,0,0,0,0,0,1,Douglaston,,,0,Queens,0,Little Neck,7060,24242790.02,NY,Queens,36,81,http://www.usps.com/,0,0
Downtown Flushing,11354,0101000020E61000005CC2C95B147552C028293DCF6D614440,-73.95840107,40.63632589,Flatbush,11230,Flatbush and Brooklyn and artist,112,115,135,131,117,125,152,148,180,200,178,2,Downtown,Flushing,,0,Queens,0,Flushing,58525,61985147.45,NY,Queens,36,81,http://www.usps.com/,0,0
Murray Hill,11354,0101000020E6100000DCB2CE4D047452C0CC5281E2CE614440,-73.94329119,40.67082918,Crown Heights,11213,Crown Heights and Brooklyn and artist,59,64,85,64,83,90,93,103,135,156,146,2,Murray,Hill,,0,Queens,0,Flushing,58525,61985147.45,NY,Queens,36,81,http://www.usps.com/,0,0
Auburndale,11358,0101000020E610000098945B3CAC7252C0FEBE965A80614440,-73.93610256,40.64171777,East Flatbush,11203,East Flatbush and Brooklyn and artist,6,12,13,12,14,12,12,11,15,26,23,1,Auburndale,,,0,Queens,0,Flushing,37743,54622541.09,NY,Queens,36,81,http://www.usps.com/,0,0
Roosevelt Island,10044,0101000020E610000088A23920C47C52C076DB087296614440,-73.98042111,40.64238196,Kensington,11218,Kensington and Brooklyn and artist,58,51,57,55,44,42,51,114,131,117,83,1,Roosevelt Island,,,56,Manhattan,0,New York,11661,6296113.269,NY,New York,36,61,http://www.usps.com/,0,0
South Corona,11368,0101000020E610000004D86938D67652C0FF087D5D065F4440,-73.9800734,40.65694584,Windsor Terrace,11215,Windsor Terrace and Brooklyn and artist,10,7,9,8,8,13,16,7,6,15,8,2,South,Coro0,,0,Queens,0,Coro0,109069,72489663.28,NY,Queens,36,81,http://www.usps.com/,0,0
Lefrak City,11368,0101000020E610000094CDDB9A337752C05E9108B1375E4440,-73.96485924,40.67682226,Prospect Heights,11238,Prospect Heights and Brooklyn and artist,29,22,37,46,33,50,51,49,54,63,58,2,Lefrak,City,,0,Queens,0,Coro0,109069,72489663.28,NY,Queens,36,81,http://www.usps.com/,0,0
North Corona,11368,0101000020E61000007052C992E17652C07DE3036685604440,-73.91023536,40.66394994,Brownsville,11212,Brownsville and Brooklyn and artist,33,35,29,37,36,29,40,41,62,64,71,2,North,Coro0,,0,Queens,0,Coro0,109069,72489663.28,NY,Queens,36,81,http://www.usps.com/,0,0
Queensboro Hill,11355,0101000020E6100000202FA00EDA7452C067F23A254E5F4440,-73.95811529,40.70714439,Williamsburg,11211,Williamsburg and Brooklyn and artist,428,345,504,465,439,503,530,647,886,964,712,2,Queensboro,Hill,,0,Queens,0,Flushing,82809,49383079.08,NY,Queens,36,81,http://www.usps.com/,0,0
Turtle Bay,10017,0101000020E610000005F790EEEE7D52C0B91EA3EC42604440,-73.92525797,40.69811611,Bushwick,11221,Bushwick and Brooklyn and artist,50,46,89,85,124,100,140,188,315,329,324,2,Turtle,Bay,,0,Manhattan,0,New York,15918,9794383.24,NY,New York,36,61,http://www.usps.com/,0,0
Greenwich Village,10012,0101000020E6100000A8D56997FE7F52C0C48104230C5D4440,-73.94178489,40.68723161,Bedford Stuyvesant,11221,Bedford Stuyvesant and Brooklyn and artist,72,111,104,61,117,83,82,77,123,119,112,2,Greenwich,Village,,0,Manhattan,0,New York,24276,9193739,NY,New York,36,61,http://www.usps.com/,0,0
Soho,10012,0101000020E61000008F9C45C20A8052C087142685705C4440,-73.99378225,40.69586372,Brooklyn Heights,11201,Brooklyn Heights and Brooklyn and artist,124,110,147,197,114,107,139,173,199,187,220,1,Soho,,,0,Manhattan,0,New York,24276,9193739,NY,New York,36,61,http://www.usps.com/,0,0
Broad Channel,11693,0101000020E6100000A88D82C77B7452C0F9669FF92F4D4440,-73.99856139,40.68791972,Cobble Hill,11201,Cobble Hill and Brooklyn and artist,32,27,37,48,48,65,58,68,64,62,37,2,Broad,Channel,,0,Queens,0,Far Rockaway,11052,46471727.17,NY,Queens,36,81,http://www.usps.com/,0,0
Bay Ridge,11209,0101000020E6100000F5547FB0F58152C0EE02D23F1A504440,-74.00037274,40.68213189,Carroll Gardens,11231,Carroll Gardens and Brooklyn and artist,37,38,40,40,44,58,75,50,48,42,31,1,Bay Ridge,,,0,Brooklyn,0,Brooklyn,69255,57842313.96,NY,Kings,36,47,http://www.usps.com/,0,0
Fort Hamilton,11209,0101000020E6100000E3E341F20B8252C091EBD3B8B04E4440,-74.01275897,40.67625323,Red Hook,11231,Red Hook and Brooklyn and artist,75,89,122,99,92,94,133,183,187,128,151,2,Fort,Hamilton,,0,Brooklyn,0,Brooklyn,69255,57842313.96,NY,Kings,36,47,http://www.usps.com/,0,0
Stapleton,10304,0101000020E6100000EAC25C58FC8452C0A5FC172A3F504440,-73.99444087,40.67393114,Gowanus,11215,Gowanus and Brooklyn and artist,54,64,67,72,94,91,119,121,131,177,132,1,Stapleton,,,0,Staten Island,0,Staten Island,41502,98226679.8,NY,Richmond,36,85,http://www.usps.com/,0,0
Grymes Hill,10304,0101000020E6100000ED3B7979958552C0D0AC8849E54F4440,-73.97290574,40.68852726,Fort Greene,11205,Fort Greene and Brooklyn and artist,148,139,202,235,191,184,207,257,231,284,332,2,Grymes,Hill,,0,Staten Island,0,Staten Island,41502,98226679.8,NY,Richmond,36,85,http://www.usps.com/,0,0
Todt Hill,10304,0101000020E6100000D41CE802208752C0AD74BFBD6C4C4440,-73.9770503,40.67232052,Park Slope,11215,Park Slope and Brooklyn and artist,200,177,186,251,181,199,236,240,230,218,182,2,Todt,Hill,,0,Staten Island,0,Staten Island,41502,98226679.8,NY,Richmond,36,85,http://www.usps.com/,0,0
Park Hill,10304,0101000020E610000017834A4C218552C005C0D5F3F94D4440,-73.87583132,40.68463579,Cypress Hills,11208,Cypress Hills and Brooklyn and artist,5,7,20,10,5,13,12,24,14,16,11,2,Park,Hill,,0,Staten Island,0,Staten Island,41502,98226679.8,NY,Richmond,36,85,http://www.usps.com/,0,0
Old Town,10304,0101000020E6100000F5177EC8998552C06A347F81544C4440,-73.88069864,40.6699257,East New York,11208,East New York and Brooklyn and artist,29,18,29,33,29,17,38,38,39,62,55,2,Old,Town,,0,Staten Island,0,Staten Island,41502,98226679.8,NY,Richmond,36,85,http://www.usps.com/,0,0
Clifton,10304,0101000020E6100000F4E97F2CA68452C0D3EC503D414F4440,-73.8793697,40.64758905,Starrett City,11239,Starrett City and Brooklyn and artist,2,8,7,3,0,1,0,1,0,0,8,1,Clifton,,,0,Staten Island,0,Staten Island,41502,98226679.8,NY,Richmond,36,85,http://www.usps.com/,0,0
Concord,10304,0101000020E61000001E6CB8A4608552C05F82A2605F4D4440,-73.9020927,40.63556433,Canarsie,11236,Canarsie and Brooklyn and artist,16,12,13,13,8,8,11,14,11,14,23,1,Concord,,,0,Staten Island,0,Staten Island,41502,98226679.8,NY,Richmond,36,85,http://www.usps.com/,0,0
Castleton Corners,10314,0101000020E6100000F5189BA7A08752C023DFC0CA814E4440,-73.92911303,40.63044604,Flatlands,11234,Flatlands and Brooklyn and artist,4,5,7,4,6,12,14,16,12,7,8,2,Castleton,Corners,,0,Staten Island,0,Staten Island,85430,473985727.1,NY,Richmond,36,85,http://www.usps.com/,0,0
New Springville,10314,0101000020E610000046B0B3B58E8A52C0F1084376104C4440,-73.90818572,40.60633642,Mill Island,11234,Mill Island and Brooklyn and artist,0,1,0,0,0,0,0,0,0,0,1,2,New,Springville,,0,Staten Island,0,Staten Island,85430,473985727.1,NY,Richmond,36,85,http://www.usps.com/,0,0
Travis,10314,0101000020E61000003499B209358C52C0CAF038540C4B4440,-73.94353723,40.5779135,Manhattan Beach,11235,Manhattan Beach and Brooklyn and artist,6,8,19,16,13,19,17,17,10,17,22,1,Travis,,,0,Staten Island,0,Staten Island,85430,473985727.1,NY,Richmond,36,85,http://www.usps.com/,0,0
Westerleigh,10314,0101000020E610000049EF3DC0838852C0082B82E47F4F4440,-73.98868296,40.57429256,Coney Island,11224,Coney Island and Brooklyn and artist,132,132,186,126,171,207,196,229,221,216,230,1,Westerleigh,,,0,Staten Island,0,Staten Island,85430,473985727.1,NY,Richmond,36,85,http://www.usps.com/,0,0
Graniteville,10314,0101000020E610000005EAFD3FCD8952C03779B5C7614F4440,-73.99875221,40.5995187,Bath Beach,11214,Bath Beach and Brooklyn and artist,2,0,1,2,1,4,2,4,2,4,2,1,Graniteville,,,0,Staten Island,0,Staten Island,85430,473985727.1,NY,Richmond,36,85,http://www.usps.com/,0,0
Heartland Village,10314,0101000020E6100000C3EAF36A2D8A52C0BFD8B2E7684B4440,-73.99049823,40.63313051,Borough Park,11219,Borough Park and Brooklyn and artist,8,7,6,13,7,9,15,11,18,11,36,2,Heartland,Village,,0,Staten Island,0,Staten Island,85430,473985727.1,NY,Richmond,36,85,http://www.usps.com/,0,0
Chelsea,10314,0101000020E6100000E5EB2CC2218C52C04A0483FB1F4C4440,-74.01931376,40.61921946,Dyker Heights,11228,Dyker Heights and Brooklyn and artist,1,1,4,3,3,6,5,20,6,3,8,1,Chelsea,,,0,Staten Island,0,Staten Island,85430,473985727.1,NY,Richmond,36,85,http://www.usps.com/,0,0
Bloomfield,10314,0101000020E61000002C1D3302FC8B52C04952EB278A4D4440,-73.93010171,40.59084843,Gerritsen Beach,11229,Gerritsen Beach and Brooklyn and artist,0,4,0,0,1,1,6,4,5,8,2,1,Bloomfield,,,0,Staten Island,0,Staten Island,85430,473985727.1,NY,Richmond,36,85,http://www.usps.com/,0,0
Bulls Head,10314,0101000020E6100000BCDFD8C3338A52C0895BA71A074E4440,-73.93134404,40.60974778,Marine Park,11234,Marine Park and Brooklyn and artist,9,10,14,6,7,10,14,8,13,11,4,2,Bulls,Head,,0,Staten Island,0,Staten Island,85430,473985727.1,NY,Richmond,36,85,http://www.usps.com/,0,0
Manor Heights,10314,0101000020E6100000DF7EE2CFB78752C05C58A018084D4440,-73.96784306,40.69322942,Clinton Hill,11205,Clinton Hill and Brooklyn and artist,30,48,55,56,65,60,57,49,74,72,81,2,Manor,Heights,,0,Staten Island,0,Staten Island,85430,473985727.1,NY,Richmond,36,85,http://www.usps.com/,0,0
Willowbrook,10314,0101000020E6100000A8F07012748852C0735BC044464D4440,-74.00787311,40.57637538,Sea Gate,11224,Sea Gate and Brooklyn and artist,3,0,0,0,0,0,7,3,4,7,2,1,Willowbrook,,,0,Staten Island,0,Staten Island,85430,473985727.1,NY,Richmond,36,85,http://www.usps.com/,0,0
Rosebank,10305,0101000020E610000004E382B0778452C09F33FF4FC24E4440,-73.98346337,40.69084402,Downtown Brooklyn,11201,Downtown Brooklyn and artist,82,110,105,98,91,97,120,124,103,74,91,1,Rosebank,,,0,Staten Island,0,Staten Island,41746,111441829.3,NY,Richmond,36,85,http://www.usps.com/,0,0
South Beach,10305,0101000020E6100000C0382765178552C0614E188C454A4440,-73.98357725,40.68724138,Boerum Hill,11217,Boerum Hill and Brooklyn and artist,17,41,22,38,29,44,42,106,50,66,55,2,South,Beach,,0,Staten Island,0,Staten Island,41746,111441829.3,NY,Richmond,36,85,http://www.usps.com/,0,0
Arrochar,10305,0101000020E6100000F554EBC04B8452C0E9E967F8534C4440,-73.95489867,40.65842002,Prospect Lefferts Gardens,11225,Prospect Lefferts Gardens and Brooklyn and artist,1,3,2,7,5,2,4,4,6,7,8,1,Arrochar,,,0,Staten Island,0,Staten Island,41746,111441829.3,NY,Richmond,36,85,http://www.usps.com/,0,0
Grasmere,10305,0101000020E61000002328963BE88452C04F5BBF0E944C4440,-73.91306832,40.67840255,Ocean Hill,11233,Ocean Hill and Brooklyn and artist,3,1,7,2,0,2,2,4,3,3,0,1,Grasmere,,,0,Staten Island,0,Staten Island,41746,111441829.3,NY,Richmond,36,85,http://www.usps.com/,0,0
Dongan Hills,10305,0101000020E61000007622EF662B8652C02A479AA2594B4440,-73.86797598,40.67856996,City Line,11208,City Line and Brooklyn and artist,1,4,4,5,4,4,1,5,1,3,4,2,Dongan,Hills,,0,Staten Island,0,Staten Island,41746,111441829.3,NY,Richmond,36,85,http://www.usps.com/,0,0
Shore Acres,10305,0101000020E61000008AEE6072448452C0D9388A480B4E4440,-73.89855634,40.61514955,Bergen Beach,11234,Bergen Beach and Brooklyn and artist,1,1,1,1,0,1,2,1,1,0,0,2,Shore,Acres,,0,Staten Island,0,Staten Island,41746,111441829.3,NY,Richmond,36,85,http://www.usps.com/,0,0
Gerritsen Beach,11229,0101000020E610000005494FC9867B52C04A40E6EBA04B4440,-73.95759523,40.6255959,Midwood,11230,Midwood and Brooklyn and artist,11,13,11,18,18,23,40,20,28,21,21,2,Gerritsen,Beach,,0,Brooklyn,0,Brooklyn,79608,60119326.14,NY,Kings,36,47,http://www.usps.com/,0,0
Homecrest,11229,0101000020E610000091D2C747637D52C098B966789C4C4440,-73.96261317,40.6470086,Prospect Park South,11226,Prospect Park South and Brooklyn and artist,2,3,5,6,3,2,3,19,10,5,1,1,Homecrest,,,0,Brooklyn,0,Brooklyn,79608,60119326.14,NY,Kings,36,47,http://www.usps.com/,0,0
Madison,11229,0101000020E61000000E9A78D5B27C52C027A6A816004E4440,-73.91607484,40.62384524,Georgetown,11234,Georgetown and Brooklyn and artist,62,48,68,73,65,63,128,136,159,124,107,1,Madison,,,0,Brooklyn,0,Brooklyn,79608,60119326.14,NY,Kings,36,47,http://www.usps.com/,0,0
Bensonhurst,11214,0101000020E610000088056307B17F52C015DF298A354E4440,-73.86998779,40.65713928,Spring Creek,11208,Spring Creek and Brooklyn and artist,3,1,6,4,3,2,3,3,2,2,3,1,Bensonhurst,,,0,Brooklyn,0,Brooklyn,89061,61096539.39,NY,Kings,36,47,http://www.usps.com/,0,0
Bath Beach,11214,0101000020E6100000A673688EEB7F52C037FB6207BD4C4440,-73.93885815,40.70849241,East Williamsburg,11206,East Williamsburg and Brooklyn and artist,17,18,20,15,7,15,10,26,86,30,19,2,Bath,Beach,,0,Brooklyn,0,Brooklyn,89061,61096539.39,NY,Kings,36,47,http://www.usps.com/,0,0
Far Rockaway,11691,0101000020E610000044284B96517052C06D575382334D4440,-73.95880858,40.71482291,North Side,11211,North Side and Brooklyn and artist,56,79,103,48,61,51,80,98,118,122,117,2,Far Rockaway,,,0,Queens,0,Far Rockaway,60267,83927815.11,NY,Queens,36,81,http://www.usps.com/,0,0
Edgemere,11691,0101000020E6100000E0040229AC7152C09C63A1FD3D4C4440,-73.95800095,40.71086147,South Side,11211,South Side and Brooklyn and artist,48,29,44,50,39,50,44,72,62,103,141,1,Edgemere,,,0,Queens,0,Far Rockaway,60267,83927815.11,NY,Queens,36,81,http://www.usps.com/,0,0
Arverne,11692,0101000020E61000008C7A9A00B07252C0567A9911694B4440,-73.97164436,40.69879087,Navy Yard,11251,Navy Yard and Brooklyn and artist,30,21,33,27,53,33,53,54,112,107,62,1,Arverne,,,0,Queens,0,Arverne,18018,23992395.38,NY,Queens,36,81,http://www.usps.com/,0,0
Somerville,11692,0101000020E61000004BCCD445FC7252C0685C0DC8814C4440,-73.96836678,40.61305977,Ocean Parkway,11230,Ocean Parkway and Brooklyn and artist,16,7,9,8,16,5,6,4,6,1,3,1,Somerville,,,0,Queens,0,Arverne,18018,23992395.38,NY,Queens,36,81,http://www.usps.com/,0,0
Brighton Beach,11235,0101000020E610000058B8AB1BC47D52C042465C67D5494440,-74.03197915,40.61476813,Fort Hamilton,11209,Fort Hamilton and Brooklyn and artist,7,3,5,6,4,7,12,9,12,1,30,2,Brighton,Beach,,0,Brooklyn,0,Brooklyn,76130,69053803.03,NY,Kings,36,47,http://www.usps.com/,0,0
Sheepshead Bay,11235,0101000020E6100000ACB1822A5D7C52C0E77036371F4B4440,-73.99427936,40.71561842,Chinatown,10002,Chinatown and Manhattan and artist,154,143,160,143,122,119,151,155,142,127,134,2,Sheepshead,Bay,,0,Brooklyn,0,Brooklyn,76130,69053803.03,NY,Kings,36,47,http://www.usps.com/,0,0
Manhattan Beach,11235,0101000020E6100000FB30F9E9627C52C03FD6D511F9494440,-73.93690028,40.85190253,Washington Heights,10033,Washington Heights and Manhattan and artist,51,38,117,145,92,80,121,111,107,109,101,2,Manhattan,Beach,,0,Brooklyn,0,Brooklyn,76130,69053803.03,NY,Kings,36,47,http://www.usps.com/,0,0
New Dorp,10306,0101000020E610000041232A66748752C047A5BA0C4A494440,-73.92121042,40.86768396,Inwood,10034,Inwood and Manhattan and artist,22,24,36,27,48,35,40,59,37,33,38,2,New,Dorp,,0,Staten Island,0,Staten Island,55602,174102872,NY,Richmond,36,85,http://www.usps.com/,0,0
Oakwood,10306,0101000020E6100000E5B37FBCC78752C0FA7CD7B07B474440,-73.94968792,40.82360428,Hamilton Heights,10031,Hamilton Heights and Manhattan and artist,16,27,25,32,18,14,42,27,22,16,16,1,Oakwood,,,0,Staten Island,0,Staten Island,55602,174102872,NY,Richmond,36,85,http://www.usps.com/,0,0
Midland Beach,10306,0101000020E6100000E21EB59EFB8552C057C5635469494440,-73.95738539,40.81693443,Manhattanville,10027,Manhattanville and Manhattan and artist,6,4,6,3,9,2,4,2,3,3,1,2,Midland,Beach,,0,Staten Island,0,Staten Island,55602,174102872,NY,Richmond,36,85,http://www.usps.com/,0,0
Grant City,10306,0101000020E610000034E72E58C68652C0F70EAF6EC1494440,-73.94321113,40.81597607,Central Harlem,10030,Central Harlem and Manhattan and artist,3,10,6,2,7,7,10,7,5,8,0,2,Grant,City,,0,Staten Island,0,Staten Island,55602,174102872,NY,Richmond,36,85,http://www.usps.com/,0,0
New Dorp Beach,10306,0101000020E6100000BD78774BAD8652C055AB248639484440,-73.94418223,40.79224947,East Harlem,10029,East Harlem and Manhattan and artist,52,31,64,61,45,84,103,103,89,98,106,3,New,Dorp,Beach,0,Staten Island,0,Staten Island,55602,174102872,NY,Richmond,36,85,http://www.usps.com/,0,0
Bay Terrace,10306,0101000020E610000013CA7019E88852C0A79F3D14E9464440,-73.96050763,40.77563857,Upper East Side,10075,Upper East Side and Manhattan and artist,239,193,273,255,265,314,303,355,357,359,387,2,Bay,Terrace,,0,Staten Island,0,Staten Island,55602,174102872,NY,Richmond,36,85,http://www.usps.com/,0,0
Richmond Town,10306,0101000020E6100000D2581065948852C0C4DEF7D8E8484440,-73.94711784,40.77592985,Yorkville,10128,Yorkville and Manhattan and artist,14,14,22,12,12,17,13,11,19,31,14,2,Richmond,Town,,0,Staten Island,0,Staten Island,55602,174102872,NY,Richmond,36,85,http://www.usps.com/,0,0
Egbertville,10306,0101000020E61000009F6A293B258852C076C21E90204A4440,-73.95885969,40.76811266,Lenox Hill,10021,Lenox Hill and Manhattan and artist,12,3,4,5,24,13,7,31,7,18,22,1,Egbertville,,,0,Staten Island,0,Staten Island,55602,174102872,NY,Richmond,36,85,http://www.usps.com/,0,0
Lighthouse Hill,10306,0101000020E6100000228F3FCAD38852C0CAE44EF5CA494440,-73.94947057,40.76240373,Roosevelt Island,10044,Roosevelt Island and Manhattan and artist,17,13,24,29,18,22,22,28,24,25,15,2,Lighthouse,Hill,,0,Staten Island,0,Staten Island,55602,174102872,NY,Richmond,36,85,http://www.usps.com/,0,0
Seaside,11694,0101000020E6100000B690EA90A17452C0AD00FA3E994A4440,-73.97705924,40.787658,Upper West Side,10024,Upper West Side and Manhattan and artist,245,194,241,171,185,198,232,212,261,205,193,1,Seaside,,,0,Queens,0,Rockaway Park,20163,48101606.61,NY,Queens,36,81,http://www.usps.com/,0,0
Neponsit,11694,0101000020E610000097B5A70BE27652C04E32E47F38494440,-73.98533777,40.77352889,Lincoln Square,10023,Lincoln Square and Manhattan and artist,10,13,14,44,17,13,40,61,51,46,46,1,Neponsit,,,0,Queens,0,Rockaway Park,20163,48101606.61,NY,Queens,36,81,http://www.usps.com/,0,0
Belle Harbor,11694,0101000020E610000086640839A87652C0B1772F77BF494440,-73.99640768,40.75833369,Clinton,10018,Clinton and neighborhood and Manhattan and artist,88,104,154,173,123,147,160,165,155,193,165,1,Belle Harbor,,,0,Queens,0,Rockaway Park,20163,48101606.61,NY,Queens,36,81,http://www.usps.com/,0,0
Rockaway Park,11694,0101000020E6100000986C2CB0DB7552C0943B91AD484A4440,-73.98166883,40.7546911,Midtown,10036,Midtown Manhattan and artist,232,245,352,271,245,246,315,392,307,433,395,1,Rockaway Park,,,0,Queens,0,Rockaway Park,20163,48101606.61,NY,Queens,36,81,http://www.usps.com/,0,0
Coney Island,11224,0101000020E6100000BDE9E294467F52C04DE5336B82494440,-73.97833208,40.74830308,Murray Hill,11354,Murray Hill and Manhattan and artist,12,14,12,17,25,14,8,22,18,20,19,1,Coney Island,,,0,Brooklyn,0,Brooklyn,49600,46701983.75,NY,Kings,36,47,http://www.usps.com/,0,0
Sea Gate,11224,0101000020E610000060A439FE808052C06E4D1DABC6494440,-74.00311633,40.74403471,Chelsea,10314,Chelsea and Manhattan and artist,557,477,766,812,617,732,713,754,880,932,776,2,Sea,Gate,,0,Brooklyn,0,Brooklyn,49600,46701983.75,NY,Kings,36,47,http://www.usps.com/,0,0
Great Kills,10308,0101000020E61000005A6379858E8952C0D60F3E5E55464440,-73.99991403,40.72693289,Greenwich Village,10012,Greenwich Village and Manhattan and artist,326,300,396,497,418,387,458,431,536,555,439,2,Great,Kills,,0,Staten Island,0,Staten Island,27612,62751041.82,NY,Richmond,36,85,http://www.usps.com/,0,0
Breezy Point,11697,0101000020E610000036BD8E963B7B52C08F54E8EC58474440,-73.98222617,40.72784678,East Village,10009,East Village and Manhattan and artist,423,351,450,510,368,376,425,450,452,512,481,2,Breezy,Point,,0,Queens,0,Breezy Point,4079,59789760.62,NY,Queens,36,81,http://www.usps.com/,0,0
Roxbury,11697,0101000020E61000000A6250C8187952C02F1FEDC59F484440,-73.98089032,40.71780675,Lower East Side,10002,Lower East Side and Manhattan and artist,330,308,436,538,458,395,495,518,540,543,553,1,Roxbury,,,0,Queens,0,Breezy Point,4079,59789760.62,NY,Queens,36,81,http://www.usps.com/,0,0
Eltingville,10312,0101000020E61000002E6F5965848A52C0E8972FD167454440,-74.01068329,40.72152197,Tribeca,10013,Tribeca and Manhattan and artist,241,269,295,344,216,259,309,369,370,313,289,1,Eltingville,,,0,Staten Island,0,Staten Island,58506,169087432.9,NY,Richmond,36,85,http://www.usps.com/,0,0
Annadale,10312,0101000020E610000070A45D576D8B52C0AA05DFECE0444440,-73.99730467,40.71932379,Little Italy,10013,Little Italy and Manhattan and artist,66,65,60,44,43,62,54,45,56,55,51,1,An0dale,,,0,Staten Island,0,Staten Island,58506,169087432.9,NY,Richmond,36,85,http://www.usps.com/,0,0
Huguenot,10312,0101000020E6100000D7CA487C458C52C0836D97B015444440,-74.00065667,40.72218384,Soho,10012,Soho and Manhattan and artist,478,434,605,689,433,499,563,627,600,563,580,1,Huguenot,,,0,Staten Island,0,Staten Island,58506,169087432.9,NY,Richmond,36,85,http://www.usps.com/,0,0
Arden Heights,10312,0101000020E6100000DB888591E58B52C0598172FF4E464440,-74.00617998,40.73443394,West Village,10014,West Village and Manhattan and artist,178,178,239,356,195,208,259,279,236,275,260,2,Arden,Heights,,0,Staten Island,0,Staten Island,58506,169087432.9,NY,Richmond,36,85,http://www.usps.com/,0,0
Greenridge,10312,0101000020E61000006FD942A3418C52C04E7AB9A8A4474440,-73.96428618,40.79730704,Manhattan Valley,10025,Manhattan Valley and Manhattan and artist,3,0,1,0,2,2,5,1,6,4,2,1,Greenridge,,,0,Staten Island,0,Staten Island,58506,169087432.9,NY,Richmond,36,85,http://www.usps.com/,0,0
Woodrow,10309,0101000020E6100000654A839B2A8E52C0DFB8993FCB444440,-73.96389628,40.80799974,Morningside Heights,10027,Morningside Heights and Manhattan and artist,62,52,79,70,41,46,59,80,76,55,49,1,Woodrow,,,0,Staten Island,0,Staten Island,33114,215835793.5,NY,Richmond,36,85,http://www.usps.com/,0,0
Pleasant Plains,10309,0101000020E61000007CF551B6118E52C06054625929434440,-73.98137595,40.73720983,Gramercy,10010,Gramercy and Manhattan and artist,78,88,115,82,79,84,90,110,100,217,82,2,Pleasant,Plains,,0,Staten Island,0,Staten Island,33114,215835793.5,NY,Richmond,36,85,http://www.usps.com/,0,0
Butler Manor,10309,0101000020E6100000197F752FB08E52C0625D9B48C7404440,-74.01686931,40.71193198,Battery Park City,10280,Battery Park City and Manhattan and artist,53,53,45,29,41,40,48,46,33,54,34,2,Butler,Manor,,0,Staten Island,0,Staten Island,33114,215835793.5,NY,Richmond,36,85,http://www.usps.com/,0,0
Charleston,10309,0101000020E6100000339137ACDB8E52C02922A474E8434440,-74.01066545,40.70710711,Financial District,10005,Financial District and Manhattan and artist,35,54,47,71,66,84,103,82,63,59,102,1,Charleston,,,0,Staten Island,0,Staten Island,33114,215835793.5,NY,Richmond,36,85,http://www.usps.com/,0,0
Rossville,10309,0101000020E6100000320AF57ECE8D52C0281BD8DE52464440,-73.91565374,40.76850859,Astoria,11103,Astoria and Queens and artist,253,217,289,150,109,133,260,265,254,255,335,1,Rossville,,,0,Staten Island,0,Staten Island,33114,215835793.5,NY,Richmond,36,85,http://www.usps.com/,0,0
Sandy Ground,10309,0101000020E61000001C5451E2EF8D52C0DEF8AD1244454440,-73.90184167,40.74634909,Woodside,11377,Woodside and Queens and artist,169,116,112,91,111,138,171,98,91,52,92,2,Sandy,Ground,,0,Staten Island,0,Staten Island,33114,215835793.5,NY,Richmond,36,85,http://www.usps.com/,0,0
Prince's Bay,10309,0101000020E61000008A4A7BCBE58C52C00029F79E5C434440,-73.88282109,40.75198138,Jackson Heights,11372,Jackson Heights and Queens and artist,47,30,39,28,35,33,54,48,38,36,57,2,Prince's,Bay,,0,Staten Island,0,Staten Island,33114,215835793.5,NY,Richmond,36,85,http://www.usps.com/,0,0
Richmond Valley,10309,0101000020E6100000CD42C049B18E52C07E6AA05580424440,-73.88165622,40.74404851,Elmhurst,11373,Elmhurst and Queens and artist,54,32,39,38,26,25,40,30,43,45,80,2,Richmond,Valley,,0,Staten Island,0,Staten Island,33114,215835793.5,NY,Richmond,36,85,http://www.usps.com/,0,0
Tottenville,10307,0101000020E61000008766C7CAC78F52C0A8DDD4C6AE404440,-73.83813765,40.65422528,Howard Beach,11414,Howard Beach and Queens and artist,28,20,5,6,4,8,11,10,8,7,11,1,Tottenville,,,0,Staten Island,0,Staten Island,14096,46028382.63,NY,Richmond,36,85,http://www.usps.com/,0,0
Battery Park City,10280,0101000020E6100000B569FE62148152C0F6025696205B4440,-73.85682497,40.74238175,South Corona,11368,South Coro0 and Queens and artist,1,0,0,0,0,0,0,0,0,1,0,3,Battery,Park,City,0,Manhattan,0,New York,3170,2234114.007,NY,New York,36,61,http://www.usps.com/,0,0
Glen Oaks,11004,0101000020E6100000ACFA9D71CA6D52C0C99716ADED5F4440,-73.84447501,40.72526378,Forest Hills,11375,Forest Hills and Queens and artist,141,43,51,40,38,31,59,66,66,75,172,2,Glen,Oaks,,0,Queens,0,Glen Oaks,11776,22606526.91,NY,Queens,36,81,http://www.usps.com/,0,0
Floral Park,11004,0101000020E6100000CAF30DC05D6D52C0A31BF67CE55E4440,-73.82981906,40.70517904,Kew Gardens,11415,Kew Gardens and Queens and artist,60,42,30,24,42,44,29,64,66,56,64,1,Floral Park,,,0,Queens,0,Glen Oaks,11776,22606526.91,NY,Queens,36,81,http://www.usps.com/,0,0
Fresh Meadows,11365,0101000020E6100000AD9BD1F9177252C0127B49A3005E4440,-73.83183321,40.69794731,Richmond Hill,11418,Richmond Hill and Queens and artist,30,34,30,25,40,26,39,40,80,33,39,2,Fresh,Meadows,,0,Queens,0,Fresh Meadows,40528,69385865.59,NY,Queens,36,81,http://www.usps.com/,0,0
Utopia,11365,0101000020E610000083DF6068FD7252C06FE81956E35D4440,-73.82936759,40.76116362,Downtown Flushing,11354,Downtown Flushing and Queens and artist,6,1,2,7,0,1,0,2,1,2,0,1,Utopia,,,0,Queens,0,Fresh Meadows,40528,69385865.59,NY,Queens,36,81,http://www.usps.com/,0,0
Pomonok,11365,0101000020E6100000E2638DD8827352C09B7E8663125E4440,-73.93920224,40.75021735,Long Island City,11101,Long Island City and Queens and artist,227,148,214,214,192,189,248,273,336,321,363,1,Pomonok,,,0,Queens,0,Fresh Meadows,40528,69385865.59,NY,Queens,36,81,http://www.usps.com/,0,0
Jamaica Center,11432,0101000020E6100000F3C1D06F007352C0C5845F36325A4440,-73.92691618,40.74017628,Sunnyside,11104,Sunnyside and Queens and artist,108,68,81,113,66,64,96,112,89,78,130,2,Jamaica,Center,,0,Queens,0,Jamaica,62075,60177575.64,NY,Queens,36,81,http://www.usps.com/,0,0
Jamaica Estates,11432,0101000020E610000061FD39ED617252C0DC8BBB42C05B4440,-73.86704148,40.76407324,East Elmhurst,11369,East Elmhurst and Queens and artist,8,3,6,3,2,2,6,3,3,3,1,2,Jamaica,Estates,,0,Queens,0,Jamaica,62075,60177575.64,NY,Queens,36,81,http://www.usps.com/,0,0
Hillcrest,11432,0101000020E610000002D97DED0B7352C089B15C4BA65C4440,-73.89621714,40.72542737,Maspeth,11378,Maspeth and Queens and artist,17,3,7,7,6,4,11,11,8,22,15,1,Hillcrest,,,0,Queens,0,Jamaica,62075,60177575.64,NY,Queens,36,81,http://www.usps.com/,0,0
Jamaica Hills,11432,0101000020E6100000D9B4BE46F97252C06F110F1C115B4440,-73.90143518,40.70832316,Ridgewood,11385,Ridgewood and Queens and artist,86,60,57,79,32,34,37,53,44,75,66,2,Jamaica,Hills,,0,Queens,0,Jamaica,62075,60177575.64,NY,Queens,36,81,http://www.usps.com/,0,0
Kew Gardens,11415,0101000020E6100000F43365C11B7552C03E777F4E435A4440,-73.87074167,40.70276243,Glendale,11385,Glendale and Queens and artist,109,72,74,60,46,58,56,54,110,66,145,2,Kew,Gardens,,0,Queens,0,Kew Gardens,18990,16802279.51,NY,Queens,36,81,http://www.usps.com/,0,0
Williamsburg,11211,0101000020E61000008C75CDC2517D52C058B11DB5835A4440,-73.85782687,40.72897409,Rego Park,11374,Rego Park and Queens and artist,25,14,13,9,4,8,8,8,9,7,8,1,Williamsburg,,,0,Brooklyn,0,Brooklyn,60861,40470881.67,NY,Kings,36,47,http://www.usps.com/,0,0
North Side,11211,0101000020E6100000B920A51E5D7D52C051FE26517F5B4440,-73.85811047,40.68988688,Woodhaven,11421,Woodhaven and Queens and artist,44,16,10,4,12,15,14,15,10,17,20,1,North Side,,,0,Brooklyn,0,Brooklyn,60861,40470881.67,NY,Kings,36,47,http://www.usps.com/,0,0
South Side,11211,0101000020E6100000DB1739E34F7D52C0B3823C82FD5A4440,-73.84320266,40.68070847,Ozone Park,11417,Ozone Park and Queens and artist,19,16,17,8,7,7,14,18,16,7,18,1,South Side,,,0,Brooklyn,0,Brooklyn,60861,40470881.67,NY,Kings,36,47,http://www.usps.com/,0,0
Crown Heights,11213,0101000020E610000033B403E25E7C52C09A1B00BBDD554440,-73.80986479,40.66854958,South Ozone Park,11420,South Ozone Park and Queens and artist,9,7,12,1,2,3,2,7,2,0,7,2,Crown,Heights,,0,Brooklyn,0,Brooklyn,62426,29631004.44,NY,Kings,36,47,http://www.usps.com/,0,0
Weeksville,11213,0101000020E610000072E743D28D7B52C0BDE7CFB467564440,-73.84304529,40.78490275,College Point,11356,College Point and Queens and artist,16,10,14,7,7,13,8,4,12,5,4,1,Weeksville,,,0,Brooklyn,0,Brooklyn,62426,29631004.44,NY,Kings,36,47,http://www.usps.com/,0,0
Murray Hill,10016,0101000020E6100000083E27FE9C7E52C0B0252E65C85F4440,-73.81420217,40.78129077,Whitestone,11357,Whitestone and Queens and artist,36,47,56,31,56,56,44,26,36,28,24,2,Murray,Hill,,0,Manhattan,0,New York,54606,15042403.04,NY,New York,36,61,http://www.usps.com/,0,0
Tudor City,10016,0101000020E61000006DF7F074287E52C09DF85DFD9A5F4440,-73.77427363,40.76604063,Bayside,11361,Bayside and Queens and artist,138,99,96,85,72,87,98,84,108,118,86,2,Tudor,City,,0,Manhattan,0,New York,54606,15042403.04,NY,New York,36,61,http://www.usps.com/,0,0
Brownsville,11212,0101000020E6100000B29CD14B417A52C06E89CE4FFC544440,-73.79176244,40.76172955,Auburndale,11358,Auburndale and Queens and artist,4,6,7,4,1,4,9,3,2,2,3,1,Brownsville,,,0,Brooklyn,0,Brooklyn,83866,41972104.07,NY,Kings,36,47,http://www.usps.com/,0,0
Prospect Lefferts Gardens,11225,0101000020E6100000D87E500F1D7D52C04B086D1B47544440,-73.73889776,40.77082619,Little Neck,11363,Little Neck and Queens and artist,41,18,34,11,4,20,23,18,10,20,14,3,Prospect,Lefferts,Gardens,0,Brooklyn,0,Brooklyn,56527,23698630.12,NY,Kings,36,47,http://www.usps.com/,0,0
Kensington,11218,0101000020E6100000A0352A38BF7E52C038956E9239524440,-73.74249821,40.7668461,Douglaston,11363,Douglaston and Queens and artist,57,11,19,8,5,7,8,6,2,8,2,1,Kensington,,,0,Brooklyn,0,Brooklyn,72280,36868798.99,NY,Kings,36,47,http://www.usps.com/,0,0
Lincoln Square,10023,0101000020E6100000F66D26C60F7F52C0E949A1FE02634440,-73.71548119,40.7494408,Glen Oaks,11004,Glen Oaks and Queens and artist,9,3,10,3,3,1,1,2,3,2,6,2,Lincoln,Square,,0,Manhattan,0,New York,62800,15212712.68,NY,New York,36,61,http://www.usps.com/,0,0
Prospect Park South,11226,0101000020E6100000D4E941749B7D52C0A2748B2DD1524440,-73.72012815,40.72857318,Bellerose,11426,Bellerose and Queens and artist,19,5,3,14,3,5,12,6,6,4,2,2,Prospect,Park South,,0,Brooklyn,0,Brooklyn,106132,39408598.28,NY,Kings,36,47,http://www.usps.com/,0,0
Ditmas Park,11226,0101000020E61000006B5E313D817D52C025D9CAF263524440,-73.82087765,40.72257824,Kew Gardens Hills,11367,Kew Gardens Hills and Queens and artist,3,2,0,0,7,1,4,1,0,0,0,2,Ditmas,Park,,0,Brooklyn,0,Brooklyn,106132,39408598.28,NY,Kings,36,47,http://www.usps.com/,0,0
Borough Park,11219,0101000020E610000055A1B052647F52C0A132AF6B0A514440,-73.78271337,40.73439447,Fresh Meadows,11365,Fresh Meadows and Queens and artist,14,14,8,4,4,4,8,5,1,7,4,2,Borough,Park,,0,Brooklyn,0,Brooklyn,92561,42002738.47,NY,Kings,36,47,http://www.usps.com/,0,0
Manhattan Terrace,11230,0101000020E6100000FBFEBBAB467D52C08A387FB9A54E4440,-73.81174822,40.71093547,Briarwood,11435,Briarwood and Queens and artist,19,5,7,7,9,6,6,8,3,4,6,2,Manhattan,Terrace,,0,Brooklyn,0,Brooklyn,80857,49926703.39,NY,Kings,36,47,http://www.usps.com/,0,0
Flatbush,11230,0101000020E610000051056C71567D52C0A325742073514440,-73.79690166,40.70465736,Jamaica Center,11432,Jamaica Center and Queens and artist,41,3,9,6,6,5,7,11,3,1,4,1,Flatbush,,,0,Brooklyn,0,Brooklyn,80857,49926703.39,NY,Kings,36,47,http://www.usps.com/,0,0
Midwood,11230,0101000020E6100000702C863D497D52C0F9B5C28613504440,-73.75494976,40.74561857,Oakland Gardens,11364,Oakland Gardens and Queens and artist,4,1,0,0,0,0,0,0,3,0,0,1,Midwood,,,0,Brooklyn,0,Brooklyn,80857,49926703.39,NY,Kings,36,47,http://www.usps.com/,0,0
Ocean Parkway,11230,0101000020E6100000370AA9B8F97D52C0DB3010BE784E4440,-73.73871485,40.71889309,Queens Village,11428,Queens Village and Queens and artist,54,26,29,24,21,14,24,22,14,15,24,2,Ocean,Parkway,,0,Brooklyn,0,Brooklyn,80857,49926703.39,NY,Kings,36,47,http://www.usps.com/,0,0
Woodlawn,10470,0101000020E610000007E0A316827752C04603D298FA724440,-73.75925009,40.71124344,Hollis,11423,Hollis and Queens and artist,61,55,48,30,58,84,71,61,84,79,140,1,Woodlawn,,,0,Bronx,0,Bronx,14740,21543461.58,NY,Bronx,36,5,http://www.usps.com/,0,0
Hamilton Heights,10031,0101000020E61000000533D6AFC77C52C0730E7EDD6B694440,-73.79042613,40.69691125,South Jamaica,11433,South Jamaica and Queens and artist,14,7,19,10,4,10,11,10,9,12,10,2,Hamilton,Heights,,0,Manhattan,0,New York,57010,16902152.37,NY,New York,36,61,http://www.usps.com/,0,0
Wakefield,10466,0101000020E6100000673A8888387652C00F8D00B385724440,-73.75867604,40.69444539,St. Albans,11412,St. Albans and Queens and artist,67,43,64,47,57,73,58,73,186,110,175,1,Wakefield,,,0,Bronx,0,Bronx,68942,55262490.61,NY,Bronx,36,5,http://www.usps.com/,0,0
Eastchester,10466,0101000020E61000003E7FE4C7FA7452C0EACCA76C9B714440,-73.77258788,40.6752114,Rochdale,11434,Rochdale and Queens and artist,27,17,13,14,18,106,47,297,76,70,85,1,Eastchester,,,0,Bronx,0,Bronx,68942,55262490.61,NY,Bronx,36,5,http://www.usps.com/,0,0
Edenwald,10466,0101000020E61000005B5BBDFC467652C022ED054E39714440,-73.76042093,40.66623049,Springfield Gardens,11413,Springfield Gardens and Queens and artist,2,5,4,9,5,5,2,2,0,3,4,1,Edenwald,,,0,Bronx,0,Bronx,68942,55262490.61,NY,Bronx,36,5,http://www.usps.com/,0,0
Norwood,10467,0101000020E61000006FB618F0477852C0F9A092E148704440,-73.73526874,40.69277464,Cambria Heights,11411,Cambria Heights and Queens and artist,6,4,6,1,3,6,6,3,6,4,2,1,Norwood,,,0,Bronx,0,Bronx,97932,69336166.37,NY,Bronx,36,5,http://www.usps.com/,0,0
Williamsbridge,10467,0101000020E61000002074FD66E07652C07E2BC8E1C5704440,-73.73526079,40.65981643,Rosedale,11422,Rosedale and Queens and artist,35,50,43,51,39,50,58,57,27,25,36,1,Williamsbridge,,,0,Bronx,0,Bronx,97932,69336166.37,NY,Bronx,36,5,http://www.usps.com/,0,0
Olinville,10467,0101000020E61000007FB6B2B1407752C0B786E913896F4440,-73.75497968,40.60313443,Far Rockaway,11691,Far Rockaway and Queens and artist,13,12,34,20,9,17,25,24,28,26,23,1,Olinville,,,0,Bronx,0,Bronx,97932,69336166.37,NY,Bronx,36,5,http://www.usps.com/,0,0
Baychester,10469,0101000020E6100000657535B57D7552C02476DA34F56E4440,-73.82005489,40.60302658,Broad Channel,11693,Broad Channel and Queens and artist,3,6,4,1,2,2,7,10,3,3,3,1,Baychester,,,0,Bronx,0,Bronx,65101,68040887.07,NY,Bronx,36,5,http://www.usps.com/,0,0
Pelham Gardens,10469,0101000020E6100000267B5CF8DC7552C04F0058A8756E4440,-73.92551197,40.55740129,Breezy Point,11697,Breezy Point and Queens and artist,3,7,7,1,2,4,7,41,20,2,8,2,Pelham,Gardens,,0,Bronx,0,Bronx,65101,68040887.07,NY,Bronx,36,5,http://www.usps.com/,0,0
Marble Hill,10463,0101000020E610000085E6723F487A52C02E1DE0D032704440,-73.9022896,40.77592302,Steinway,11105,Steinway and Queens and artist,39,36,47,45,35,35,67,81,79,63,78,2,Marble,Hill,,0,Manhattan,0,Bronx,70641,3119701.913,NY,New York,36,61,http://www.usps.com/,0,0
Washington Heights,10033,0101000020E61000001565972CF67B52C0AF5057240B6D4440,-73.80436452,40.7927814,Beechhurst,11357,Beechhurst and Queens and artist,1,0,0,0,0,1,0,0,0,0,0,2,Washington,Heights,,0,Manhattan,0,New York,54284,16156054.17,NY,New York,36,61,http://www.usps.com/,0,0
Parkchester,10462,0101000020E610000058B23FC1C87652C01D5CEB8B416B4440,-73.77680223,40.78284281,Bay Terrace,11360,Bay Terrace and Queens and artist,18,0,0,3,3,9,5,2,1,2,0,1,Parkchester,,,0,Bronx,0,Bronx,75674,53022513.78,NY,Bronx,36,5,http://www.usps.com/,0,0
Van Nest,10462,0101000020E61000008F791E72717752C05451C55CFB6B4440,-73.77613282,40.59564181,Edgemere,11691,Edgemere and Queens and artist,0,0,2,3,1,0,1,1,1,1,2,2,Van,Nest,,0,Bronx,0,Bronx,75674,53022513.78,NY,Bronx,36,5,http://www.usps.com/,0,0
University Heights,10453,0101000020E61000001A8B4F41447A52C0436E0177886D4440,-73.79199233,40.58914394,Arverne,11692,Arverne and Queens and artist,2,0,1,0,2,3,0,5,2,2,0,2,University,Heights,,0,Bronx,0,Bronx,77576,25748509.27,NY,Bronx,36,5,http://www.usps.com/,0,0
Morris Heights,10453,0101000020E6100000BDCF3BE6DB7A52C0926453EB876C4440,-73.82236121,40.5828017,Seaside,11694,Seaside and Rockaway and Queens and artist,1,1,0,0,2,1,5,13,6,9,2,2,Morris,Heights,,0,Bronx,0,Bronx,77576,25748509.27,NY,Bronx,36,5,http://www.usps.com/,0,0
Mount Hope,10453,0101000020E61000001C976C93217A52C0E74D7FD7A66C4440,-73.85754672,40.57203673,Neponsit,11694,Neponsit and Queens and artist,0,2,1,0,0,1,1,0,0,0,0,2,Mount,Hope,,0,Bronx,0,Bronx,77576,25748509.27,NY,Bronx,36,5,http://www.usps.com/,0,0
Throgs Neck,10465,0101000020E6100000D63229143F7452C07AF90A8055684440,-73.81276269,40.76412612,Murray Hill,11354,Murray Hill and Queens and artist,7,9,10,7,16,6,7,13,8,9,6,1,Throgs Neck,,,0,Bronx,0,Bronx,42012,108423743.4,NY,Bronx,36,5,http://www.usps.com/,0,0
Country Club,10465,0101000020E610000016AFDA0ABE7452C02A7C3840106C4440,-73.70884706,40.74137842,Floral Park,11004,Floral Park and Queens and artist,41,11,13,13,10,16,12,16,10,11,10,2,Country,Club,,0,Bronx,0,Bronx,42012,108423743.4,NY,Bronx,36,5,http://www.usps.com/,0,0
Schuylerville,10465,0101000020E6100000E3738A81E07452C09C3F8C5BCD694440,-73.76714167,40.72095721,Holliswood,11423,Holliswood and Queens and artist,0,0,0,0,0,2,1,0,1,0,1,1,Schuylerville,,,0,Bronx,0,Bronx,42012,108423743.4,NY,Bronx,36,5,http://www.usps.com/,0,0
Edgewater Park,10465,0101000020E61000003A5AB7B1167452C0A2A353D736694440,-73.78722697,40.71680483,Jamaica Estates,11432,Jamaica Estates and Queens and artist,3,0,5,0,1,4,1,1,4,1,1,2,Edgewater,Park,,0,Bronx,0,Bronx,42012,108423743.4,NY,Bronx,36,5,http://www.usps.com/,0,0
City Island,10464,0101000020E6100000B6BAA9D3557252C037A27C94726C4440,-73.82580915,40.74457231,Queensboro Hill,11355,Queensboro Hill and Queens and artist,1,2,0,2,0,0,1,0,0,0,1,2,City,Island,,0,Bronx,0,Bronx,4438,11587953.83,NY,Bronx,36,5,http://www.usps.com/,0,0
Pelham Parkway,10461,0101000020E610000046290051B47652C04EB8BAB9BF6D4440,-73.79760301,40.7238249,Hillcrest,11432,Hillcrest and Queens and artist,96,104,89,90,65,128,100,153,69,73,87,1,Pelham Parkway,,,0,Bronx,0,Bronx,50549,62824057.57,NY,Bronx,36,5,http://www.usps.com/,0,0
Westchester Square,10461,0101000020E6100000C05FFB81E67552C081C76E6B996B4440,-73.93157506,40.76170453,Ravenswood,11106,Ravenswood and Queens and artist,10,12,11,9,16,15,21,16,38,19,19,2,Westchester,Square,,0,Bronx,0,Bronx,50549,62824057.57,NY,Bronx,36,5,http://www.usps.com/,0,0
Morris Park,10461,0101000020E61000007EB796FB6C7652C074D2DA7C7C6C4440,-73.84963782,40.66391842,Lindenwood,11414,Lindenwood and Queens and artist,0,3,3,3,3,0,4,4,3,3,5,1,Morris Park,,,0,Bronx,0,Bronx,50549,62824057.57,NY,Bronx,36,5,http://www.usps.com/,0,0
Pelham Bay,10461,0101000020E610000067D264B2407552C0650155D1E16C4440,-73.74025608,40.6678839,Laurelton,11422,Laurelton and Queens and artist,3,10,11,4,7,6,3,5,0,4,2,2,Pelham,Bay,,0,Bronx,0,Bronx,50549,62824057.57,NY,Bronx,36,5,http://www.usps.com/,0,0
Central Harlem,10030,0101000020E6100000EDE332925D7C52C0E9F35DE771684440,-73.86252471,40.73607457,Lefrak City,11368,Lefrak City and Queens and artist,2,1,4,2,1,0,3,3,1,1,2,2,Central,Harlem,,0,Manhattan,0,New York,26720,7757661.455,NY,New York,36,61,http://www.usps.com/,0,0
Melrose,10456,0101000020E6100000B5B3AFF6337A52C0B03A12B6ED684440,-73.8540175,40.57615557,Belle Harbor,11694,Belle Harbor and Queens and artist,19,17,2,2,0,2,4,4,12,24,0,1,Melrose,,,0,Bronx,0,Bronx,89390,29933452.44,NY,Bronx,36,5,http://www.usps.com/,0,0
Concourse,10456,0101000020E6100000F06E5B04997A52C0FB0CD2CFC96A4440,-73.8415337,40.58034296,Rockaway Park,11694,Rockaway Park and Queens and artist,6,7,5,5,2,6,1,6,14,5,3,1,Concourse,,,0,Bronx,0,Bronx,89390,29933452.44,NY,Bronx,36,5,http://www.usps.com/,0,0
Claremont Village,10456,0101000020E6100000FE6BB63EAD7952C0631A703E6C6A4440,-73.79664751,40.59771062,Somerville,11692,Somerville and Queens and artist,56,43,63,48,62,63,42,77,90,65,49,2,Claremont,Village,,0,Bronx,0,Bronx,89390,29933452.44,NY,Bronx,36,5,http://www.usps.com/,0,0
Manhattan Valley,10025,0101000020E610000090FC5EDDB67D52C0037E3A280E664440,-73.75175311,40.66000323,Brookville,11413,Brookville and Queens and artist,29,28,37,23,22,31,20,19,19,27,30,2,Manhattan,Valley,,0,Manhattan,0,New York,96054,19631043.82,NY,New York,36,61,http://www.usps.com/,0,0
Morrisania,10459,0101000020E6100000224F4648B27952C08E3F52766B694440,-73.73889199,40.73301404,Bellaire,11427,Bellaire and Queens and artist,2,4,4,2,2,5,3,9,7,13,6,1,Morrisania,,,0,Bronx,0,Bronx,46804,22551940.54,NY,Bronx,36,5,http://www.usps.com/,0,0
Manhattanville,10027,0101000020E61000003AB562CD457D52C0B7D5B04E91684440,-73.85751791,40.754071,North Corona,11368,North Corona and Queens and artist,1,0,0,1,0,0,0,0,0,0,0,2,Manhattanville,,,0,Manhattan,0,New York,58639,24695278.5,NY,New York,36,61,http://www.usps.com/,0,0
Morningside Heights,10027,0101000020E61000004ED1047AB07D52C0AA4C11896C674440,-73.84102211,40.71461108,Forest Hills Gardens,11375,Forest Hills Gardens and Queens and artist,3,0,3,3,2,1,0,1,1,0,0,2,Morningside,Heights,,0,Manhattan,0,New York,58639,24695278.5,NY,New York,36,61,http://www.usps.com/,0,0
East Harlem,10029,0101000020E6100000666C4F7B6D7C52C0B7B9366E68654440,-74.07935313,40.64498157,St. George,10301,St. George and Staten Island and artist,19,16,25,21,20,26,32,43,22,27,23,2,East,Harlem,,0,Manhattan,0,New York,77503,22963435.68,NY,New York,36,61,http://www.usps.com/,0,0
Longwood,10455,0101000020E6100000CDCC0898547952C03C9F5F2A55684440,-74.08701651,40.64061456,New Brighton,10301,New Brighton and Staten Island and artist,3,3,2,8,2,0,5,11,2,4,6,1,Longwood,,,0,Bronx,0,Bronx,39834,19846918.84,NY,Bronx,36,5,http://www.usps.com/,0,0
Yorkville,10128,0101000020E61000007D212A949D7C52C07A9F58AB51634440,-74.07790193,40.62692763,Stapleton,10304,Stapleton and Staten Island and artist,3,8,8,8,3,8,12,8,7,10,12,2,York-,ville,,0,Manhattan,0,New York,55748,11011681.56,NY,New York,36,61,http://www.usps.com/,0,0
Carnegie Hill,10128,0101000020E6100000B5166B27027D52C0297A3EF12E644440,-74.06980527,40.61530495,Rosebank,10305,Rosebank and Staten Island and artist,0,1,1,2,3,8,5,0,1,3,6,2,Carnegie,Hill,,0,Manhattan,0,New York,55748,11011681.56,NY,New York,36,61,http://www.usps.com/,0,0
Midtown South,10001,0101000020E61000008DAE7213477F52C0037B282ACF5F4440,-74.10718178,40.63187893,West Brighton,10310,West Brighton and Staten Island and artist,9,9,12,1,1,3,12,11,2,0,2,2,Midtown,South,,0,Manhattan,0,New York,22413,17794940.77,NY,New York,36,61,http://www.usps.com/,0,0
Chelsea,10011,0101000020E61000006DEFDA0E338052C02D497E873C5F4440,-74.0872482,40.62418479,Grymes Hill,10304,Grymes Hill and Staten Island and artist,2,1,3,1,1,2,0,0,0,0,0,1,Chelsea,,,0,Manhattan,0,New York,50594,18118416.85,NY,New York,36,61,http://www.usps.com/,0,0
Flatiron,10011,0101000020E6100000515068AD6B7F52C081AB3E9BAD5E4440,-74.11132882,40.59706852,Todt Hill,10304,Todt Hill and Staten Island and artist,0,2,0,0,1,4,4,0,1,0,0,1,Flatiron,,,0,Manhattan,0,New York,50594,18118416.85,NY,New York,36,61,http://www.usps.com/,0,0
Astoria Heights,11370,0101000020E61000004F0DBF6F427952C0D53BA5C299624440,-74.07955293,40.58024741,South Beach,10305,South Beach and Staten Island and artist,2,7,4,6,6,8,10,24,2,4,3,2,Astoria,Heights,,0,Queens,0,East Elmhurst,40591,23600231.49,NY,Queens,36,81,http://www.usps.com/,0,0
Lenox Hill,10021,0101000020E6100000428006F55D7D52C0737EFD8351624440,-74.12943427,40.63366931,Port Richmond,10310,Port Richmond and Staten Island and artist,5,1,6,1,2,8,5,5,3,2,0,2,Lenox,Hill,,0,Manhattan,0,New York,45299,10495133.41,NY,New York,36,61,http://www.usps.com/,0,0
East Village,10009,0101000020E61000007E0E22CBDC7E52C0FC6F4C152A5D4440,-74.15008537,40.63254639,Mariner's Harbor,10303,Mariner's Harbor and Staten Island and artist,0,0,0,0,0,0,1,0,0,0,0,2,East,Village,,0,Manhattan,0,New York,61455,15903519.3,NY,New York,36,61,http://www.usps.com/,0,0
Noho,10009,0101000020E61000003DB8567F427F52C0F64364C0935C4440,-74.17464533,40.63968298,Port Ivory,10303,Port Ivory and Staten Island and artist,0,1,0,0,1,0,0,0,0,0,1,1,Noho,,,0,Manhattan,0,New York,61455,15903519.3,NY,New York,36,61,http://www.usps.com/,0,0
Stuyvesant Town,10009,0101000020E61000000011F6DC567E52C0B490B664915D4440,-74.11918059,40.61333594,Castleton Corners,10314,Castleton Corners and Staten Island and artist,1,0,0,2,0,0,0,0,0,0,0,2,Stuyvesant,Town,,0,Manhattan,0,New York,61455,15903519.3,NY,New York,36,61,http://www.usps.com/,0,0
East Elmhurst,11369,0101000020E6100000168E889B7D7752C08C43E226CD614440,-74.16496031,40.59425238,New Springville,10314,New Springville and Staten Island and artist,0,1,0,1,0,1,0,0,1,1,0,2,East,Elmhurst,,0,Queens,0,East Elmhurst,38116,30060493.25,NY,Queens,36,81,http://www.usps.com/,0,0
Astoria,11103,0101000020E6100000F03428129A7A52C0C893557D5E624440,-74.19073718,40.58631375,Travis,10314,Travis and neighborhood and Staten Island and artist,0,2,2,2,1,0,2,3,3,2,0,1,Astoria,,,0,Queens,0,Astoria,38234,20222394.63,NY,Queens,36,81,http://www.usps.com/,0,0
Midtown,10036,0101000020E610000040317DA9D37E52C0515AD2B799604440,-74.11647944,40.57257232,New Dorp,10306,New Dorp and Staten Island and artist,1,1,3,5,0,4,9,11,10,2,3,1,Midtown,,,0,Manhattan,0,New York,23543,11395110.51,NY,New York,36,61,http://www.usps.com/,0,0
Howard Beach,11414,0101000020E61000003FC8140CA47552C0D74A65A7BD534440,-74.12156594,40.55846224,Oakwood,10306,Oakwood and Staten Island and artist,5,2,3,6,6,3,7,20,3,6,1,2,Howard,Beach,,0,Queens,0,Howard Beach,26148,63928824.72,NY,Queens,36,81,http://www.usps.com/,0,0
Lindenwood,11414,0101000020E61000004EE85277607652C0CEF25C47FB544440,-74.14932381,40.54948023,Great Kills,10308,Great Kills and Staten Island and artist,1,8,7,6,3,0,4,5,1,0,1,1,Lindenwood,,,0,Queens,0,Howard Beach,26148,63928824.72,NY,Queens,36,81,http://www.usps.com/,0,0
West Brighton,10310,0101000020E61000000ECFFA10DC8652C008469E68E1504440,-74.1643308,40.54223075,Eltingville,10312,Eltingville and Staten Island and artist,0,0,0,0,1,2,2,0,1,2,3,2,West,Brighton,,0,Staten Island,0,Staten Island,25003,53463275,NY,Richmond,36,85,http://www.usps.com/,0,0
Port Richmond,10310,0101000020E610000077FAAAA6488852C004E567131C514440,-74.17854866,40.53811417,Annadale,10312,Annadale and Staten Island and artist,1,0,1,0,2,0,0,1,0,3,1,2,Port,Richmond,,0,Staten Island,0,Staten Island,25003,53463275,NY,Richmond,36,85,http://www.usps.com/,0,0
Ravenswood,11106,0101000020E610000061E600ED9E7B52C0184FAE887F614440,-74.22135055,40.53745265,Woodrow,10309,Woodrow and Staten Island and artist,1,3,13,2,4,2,5,1,3,2,0,1,Ravenswood,,,0,Queens,0,Astoria,38665,23866112.73,NY,Queens,36,81,http://www.usps.com/,0,0
Woodside,11377,0101000020E6100000FBF71DC6B77952C01B79EF5D885F4440,-74.24656934,40.50533376,Tottenville,10307,Tottenville and Staten Island and artist,1,3,1,9,5,10,4,9,1,4,3,1,Woodside,,,0,Queens,0,Woodside,90852,71832387.49,NY,Queens,36,81,http://www.usps.com/,0,0
Oakland Gardens,11364,0101000020E6100000D2D8CE18517052C03BC4E96D705F4440,-74.08055352,40.63731607,Tompkinsville,10301,Tompkinsville and Staten Island and artist,0,1,4,1,1,4,6,2,0,7,5,2,Oakland,Gardens,,0,Queens,0,Oakland Gardens,33937,84259665.05,NY,Queens,36,81,http://www.usps.com/,0,0
Clinton,10018,0101000020E6100000DE25BA24C57F52C0EB5B081411614440,-74.09629029,40.61919311,Silver Lake,10301,Silver Lake and Staten Island and artist,4,0,0,0,1,2,2,5,6,2,0,1,Clinton,,,0,Manhattan,0,New York,5503,10705796.48,NY,New York,36,61,http://www.usps.com/,0,0
Sunnyside,11104,0101000020E6100000D2193998527B52C0BD7EB118BE5E4440,-74.09712552,40.61276016,Sunnyside,11104,Sunnyside and Staten Island and artist,9,6,4,11,8,10,13,10,12,6,14,1,Sunnyside,,,0,Queens,0,Sunnyside,27127,12084432.12,NY,Queens,36,81,http://www.usps.com/,0,0
Sunnyside Gardens,11104,0101000020E610000058EA00ACC37A52C001A9B484715F4440,-73.96101312,40.64367518,Ditmas Park,11226,Ditmas Park and Brooklyn and artist,7,2,7,7,15,5,17,17,17,13,19,2,Sunnyside,Gardens,,0,Queens,0,Sunnyside,27127,12084432.12,NY,Queens,36,81,http://www.usps.com/,0,0
Gramercy,10010,0101000020E6100000A4CB10DDCE7E52C07FE64CE45C5E4440,-73.93718681,40.66094656,Wingate,11203,Wingate and Brooklyn and artist,8,7,18,17,16,18,17,13,14,4,2,1,Gramercy,,,0,Manhattan,0,New York,29881,9768395.57,NY,New York,36,61,http://www.usps.com/,0,0
West Village,10014,0101000020E6100000F45BB840658052C01F8163EE015E4440,-73.92688213,40.65557231,Rugby,11203,Rugby and neighborhood and Brooklyn and artist,12,3,3,12,11,23,7,7,32,6,12,2,West,Village,,0,Manhattan,0,New York,31328,14151052.03,NY,New York,36,61,http://www.usps.com/,0,0
Tribeca,10013,0101000020E6100000868EF208AF8052C0D6C1F2D45A5C4440,-74.08015735,40.60919044,Park Hill,10304,Park Hill and Staten Island and artist,0,0,4,2,1,3,4,0,1,3,9,1,Tribeca,,,0,Manhattan,0,New York,27985,15580578.83,NY,New York,36,61,http://www.usps.com/,0,0
Little Italy,10013,0101000020E61000000BAFF9D6D37F52C0FF2455CD125C4440,-74.13304144,40.62109047,Westerleigh,10314,Westerleigh and Staten Island and artist,0,1,3,0,0,2,2,5,1,0,0,2,Little,Italy,,0,Manhattan,0,New York,27985,15580578.83,NY,New York,36,61,http://www.usps.com/,0,0
Kew Gardens Hills,11367,0101000020E6100000847A6842897452C05FE1A3717D5C4440,-74.15315246,40.62017151,Graniteville,10314,Graniteville and Staten Island and artist,1,1,1,2,1,0,1,0,0,0,1,3,Kew,Gardens,Hills,0,Queens,0,Flushing,41773,72810151.59,NY,Queens,36,81,http://www.usps.com/,0,0
Civic Center,10007,0101000020E610000060BD68B9588052C04B450B9F8C5B4440,-74.1651042,40.6353251,Arlington,10303,Arlington and neighborhood and Staten Island and artist,2,1,0,1,2,1,5,3,11,2,1,2,Civic,Center,,0,Manhattan,0,New York,7323,5327870.977,NY,New York,36,61,http://www.usps.com/,0,0
Fort Greene,11205,0101000020E610000093CF7316447E52C0BA7548A921584440,-74.06712363,40.59631257,Arrochar,10305,Arrochar and Staten Island and artist,0,1,0,0,0,0,0,2,0,0,1,2,Fort,Greene,,0,Brooklyn,0,Brooklyn,41125,23270147.95,NY,Kings,36,47,http://www.usps.com/,0,0
Clinton Hill,11205,0101000020E6100000D7E90624F17D52C099CDDFBDBB584440,-74.07667436,40.59826836,Grasmere,10305,Grasmere and Staten Island and artist,0,0,0,0,1,2,2,1,1,0,0,2,Clinton,Hill,,0,Brooklyn,0,Brooklyn,41125,23270147.95,NY,Kings,36,47,http://www.usps.com/,0,0
East Williamsburg,11206,0101000020E61000004C598140167C52C075191AE1AF5A4440,-74.08751118,40.59632891,Old Town,10304,Old Town and Staten Island and artist,2,3,0,0,0,0,1,0,0,0,4,2,East,Williamsburg,,0,Brooklyn,0,Brooklyn,83575,40700720.97,NY,Kings,36,47,http://www.usps.com/,0,0
St. Albans,11412,0101000020E61000005717F0258E7052C062321D96E3584440,-74.09639905,40.58867295,Dongan Hills,10305,Dongan Hills and Staten Island and artist,0,0,1,0,0,2,7,3,1,1,1,1,St. Albans,,,0,Queens,0,Saint Albans,35019,45842752.23,NY,Queens,36,81,http://www.usps.com/,0,0
Navy Yard,11251,0101000020E61000004250CE6B2F7E52C01F61B3FA71594440,-74.09348266,40.57352691,Midland Beach,10306,Midland Beach and Staten Island and artist,1,2,2,4,0,2,3,16,11,5,2,2,0vy,Yard,,0,Brooklyn,0,Brooklyn,74,10245952.25,NY,Kings,36,47,http://www.usps.com/,0,0
Cambria Heights,11411,0101000020E610000000E29AA40E6F52C0DC58E1D6AC584440,-74.10585599,40.57621559,Grant City,10306,Grant City and Staten Island and artist,1,2,0,0,0,0,1,1,0,0,0,2,Cambria,Heights,,0,Queens,0,Cambria Heights,18216,35889597.38,NY,Queens,36,81,http://www.usps.com/,0,0
New Lots,11207,0101000020E61000006026FAC4A57852C03D74F7CDD4544440,-74.10432707,40.56425549,New Dorp Beach,10306,New Dorp Beach and Staten Island and artist,0,0,0,0,0,0,0,6,0,0,0,2,New,Lots,,0,Brooklyn,0,Brooklyn,93556,73966260.54,NY,Kings,36,47,http://www.usps.com/,0,0
Highland Park,11207,0101000020E6100000B637195DFA7852C0E3E76AAF5B574440,-74.13916622,40.55398801,Bay Terrace,11360,Bay Terrace and Staten Island and artist,1,0,1,0,0,0,4,0,0,1,0,2,Highland,Park,,0,Brooklyn,0,Brooklyn,93556,73966260.54,NY,Kings,36,47,http://www.usps.com/,0,0
Springfield Gardens,11413,0101000020E610000082F988BCAA7052C09BDD6B0A47554440,-74.19174106,40.53191192,Huguenot,10312,Huguenot and Staten Island and artist,7,1,2,5,5,2,2,3,2,2,0,2,Springfield,Gardens,,0,Queens,0,Springfield Gardens,39349,86208498.59,NY,Queens,36,81,http://www.usps.com/,0,0
Brookville,11413,0101000020E610000076A410B91C7052C0E6545AFC7A544440,-74.21983107,40.52469938,Pleasant Plains,10309,Pleasant Plains and Staten Island and artist,0,2,2,0,0,0,0,1,0,2,0,1,Brookville,,,0,Queens,0,Springfield Gardens,39349,86208498.59,NY,Queens,36,81,http://www.usps.com/,0,0
Boerum Hill,11217,0101000020E6100000611FFBEDF27E52C0CF308B86F7574440,-74.2295035,40.50608165,Butler Manor,10309,Butler Manor and Staten Island and artist,0,0,0,0,0,0,0,0,0,0,0,2,Boerum,Hill,,0,Brooklyn,0,Brooklyn,36615,21648157.8,NY,Kings,36,47,http://www.usps.com/,0,0
Prospect Heights,11238,0101000020E6100000E014FB40C07D52C063CBA41CA2564440,-74.23215776,40.53053148,Charleston,10309,Charleston and neighborhood and Staten Island and artist,1,1,0,4,1,2,4,13,1,1,8,2,Prospect,Heights,,0,Brooklyn,0,Brooklyn,46664,29429423.46,NY,Kings,36,47,http://www.usps.com/,0,0
Rosedale,11422,0101000020E6100000745E4A830E6F52C0F47769DD74544440,-74.21572851,40.54940401,Rossville,10309,Rossville and Staten Island and artist,0,0,1,0,0,0,0,0,0,3,0,1,Rosedale,,,0,Queens,0,Rosedale,30139,60120657.21,NY,Queens,36,81,http://www.usps.com/,0,0
Laurelton,11422,0101000020E61000000375095B606F52C066B732387D554440,-74.18588675,40.54928582,Arden Heights,10312,Arden Heights and Staten Island and artist,0,0,0,1,0,2,0,0,0,0,0,1,Laurelton,,,0,Queens,0,Rosedale,30139,60120657.21,NY,Queens,36,81,http://www.usps.com/,0,0
South Ozone Park,11420,0101000020E6100000270A1DD3D47352C08BED550893554440,-74.19150621,40.5597125,Greenridge,10312,Greenridge and Staten Island and artist,0,0,0,0,0,0,1,0,0,0,0,2,South,Ozone Park,,0,Queens,0,South Ozone Park,44538,61879568.37,NY,Queens,36,81,http://www.usps.com/,0,0
Ozone Park,11417,0101000020E610000033034C08F77552C0BBA7807421574440,-74.15902208,40.58913895,Heartland Village,10314,Heartland Village and Staten Island and artist,0,0,0,0,0,0,0,0,0,1,0,1,Ozone Park,,,0,Queens,0,Ozone Park,28562,31099087.11,NY,Queens,36,81,http://www.usps.com/,0,0
Windsor Terrace,11215,0101000020E6100000F5C9CC85B97E52C0ABE517CD16544440,-74.18956046,40.59472603,Chelsea,10314,Chelsea Staten Island and artist,0,0,0,0,0,0,0,0,0,0,1,2,Windsor,Terrace,,0,Brooklyn,0,Brooklyn,63272,61922821.75,NY,Kings,36,47,http://www.usps.com/,0,0
Gowanus,11215,0101000020E6100000B22C53EBA47F52C059DF2D6043564440,-74.18725638,40.60577868,Bloomfield,10314,Bloomfield and Staten Island and artist,9,5,7,3,4,1,4,4,3,2,2,1,Gowanus,,,0,Brooklyn,0,Brooklyn,63272,61922821.75,NY,Kings,36,47,http://www.usps.com/,0,0
Park Slope,11215,0101000020E6100000983CFDFD877E52C0A8AC50990E564440,-74.15940949,40.6095918,Bulls Head,10314,Bulls Head and Staten Island and artist,0,1,0,0,0,1,0,0,1,1,2,2,Park,Slope,,0,Brooklyn,0,Brooklyn,63272,61922821.75,NY,Kings,36,47,http://www.usps.com/,0,0
East Flatbush,11203,0101000020E61000009038B81AE97B52C0DC98CACE23524440,-73.95325647,40.78268257,Carnegie Hill,10128,Carnegie Hill and Manhattan and artist,7,2,10,4,2,3,1,2,6,3,4,1,East Flatbush,,,0,Brooklyn,0,Brooklyn,78060,60644835.46,NY,Kings,36,47,http://www.usps.com/,0,0
Wingate,11203,0101000020E6100000FF105EDEFA7B52C073D79DE599544440,-73.98843368,40.72325902,Noho,10009,Noho and Manhattan and artist,9,13,16,18,19,7,15,19,18,32,38,1,Wingate,,,0,Brooklyn,0,Brooklyn,78060,60644835.46,NY,Kings,36,47,http://www.usps.com/,0,0
Rugby,11203,0101000020E610000050C96809527B52C021DA26CBE9534440,-74.0054153,40.71522892,Civic Center,10007,Civic Center and Manhattan and artist,46,34,38,21,19,32,36,24,25,32,49,1,Rugby,,,0,Brooklyn,0,Brooklyn,78060,60644835.46,NY,Kings,36,47,http://www.usps.com/,0,0
Canarsie,11236,0101000020E6100000E8BD02E3BB7952C0B493012C5A514440,-73.98871313,40.74850966,Midtown South,10001,Midtown South and Manhattan and artist,7,7,9,17,8,16,5,16,22,19,17,1,Ca0rsie,,,0,Brooklyn,0,Brooklyn,94480,96373991.62,NY,Kings,36,47,http://www.usps.com/,0,0
Remsen Village,11236,0101000020E61000008C8EAF72AA7A52C0524DAC9578534440,-74.1340573,40.56960594,Richmond Town,10306,Richmond Town and Staten Island and artist,6,20,15,42,22,11,29,15,11,10,6,2,Remsen,Village,,0,Brooklyn,0,Brooklyn,94480,96373991.62,NY,Kings,36,47,http://www.usps.com/,0,0
Paerdegat Basin,11236,0101000020E610000044C338DABF7952C01F2C7403CF504440,-74.06667766,40.60971934,Shore Acres,10305,Shore Acres and Staten Island and artist,0,3,0,1,0,1,0,7,15,2,0,2,Paerdegat,Basin,,0,Brooklyn,0,Brooklyn,94480,96373991.62,NY,Kings,36,47,http://www.usps.com/,0,0
Sunset Park,11220,0101000020E6100000D7983705A98052C0DDCCC2BB92524440,-74.07264245,40.61917845,Clifton,10304,Clifton and neighborhood and Staten Island and artist,1,1,1,1,2,2,0,3,2,3,2,2,Sunset,Park,,0,Brooklyn,0,Brooklyn,97257,47453785.79,NY,Kings,36,47,http://www.usps.com/,0,0
St. George,10301,0101000020E6100000A950211F148552C04FFE90C18E524440,-74.08402365,40.60447319,Concord,10304,Concord and neighborhood and Staten Island and artist,1,1,0,3,0,2,2,0,2,3,0,2,St.,George,,0,Staten Island,0,Staten Island,40438,105182712.6,NY,Richmond,36,85,http://www.usps.com/,0,0
New Brighton,10301,0101000020E6100000B4F9ACAD918552C0D9696AA8FF514440,-74.09776207,40.60679439,Emerson Hill,10301,Emerson Hill and Staten Island and artist,0,0,0,0,1,1,1,0,0,0,0,2,New,Brighton,,0,Staten Island,0,Staten Island,40438,105182712.6,NY,Richmond,36,85,http://www.usps.com/,0,0
Tompkinsville,10301,0101000020E6100000AA3DF1C9278552C028BAA89293514440,-74.09805062,40.63563001,Randall Manor,10301,Randall Manor and Staten Island and artist,0,1,0,0,0,0,0,0,0,0,3,1,Tompkinsville,,,0,Staten Island,0,Staten Island,40438,105182712.6,NY,Richmond,36,85,http://www.usps.com/,0,0
Silver Lake,10301,0101000020E61000007925C29E298652C0243A42B8414F4440,-74.18622332,40.63843284,Howland Hook,10303,Howland Hook and Staten Island and artist,0,0,0,2,2,0,3,1,0,0,0,2,Silver,Lake,,0,Staten Island,0,Staten Island,40438,105182712.6,NY,Richmond,36,85,http://www.usps.com/,0,0
Sunnyside,10301,0101000020E610000035EBF64D378652C04084C2EC6E4E4440,-74.14181679,40.63014674,Elm Park,10302,Elm Park and Staten Island and artist,0,0,0,0,0,0,0,1,1,0,0,1,Sunnyside,,,0,Staten Island,0,Staten Island,40438,105182712.6,NY,Richmond,36,85,http://www.usps.com/,0,0
Emerson Hill,10301,0101000020E61000009A10D7BB418652C085885070AB4D4440,-73.91665332,40.65211745,Remsen Village,11236,Remsen Village and Brooklyn and artist,0,0,0,1,0,0,0,0,0,0,0,2,Emerson,Hill,,0,Staten Island,0,Staten Island,40438,105182712.6,NY,Richmond,36,85,http://www.usps.com/,0,0
Randall Manor,10301,0101000020E6100000EA931F76468652C052CEF5525C514440,-73.88511776,40.66274428,New Lots,11207,New Lots and Brooklyn and artist,1,1,1,4,3,1,0,1,1,4,8,2,Randall,Manor,,0,Staten Island,0,Staten Island,40438,105182712.6,NY,Richmond,36,85,http://www.usps.com/,0,0
Mariner's Harbor,10303,0101000020E6100000AD71ABFF9A8952C0E428B647F7504440,-73.90233474,40.63131755,Paerdegat Basin,11236,Paerdegat Basin and Brooklyn and artist,1,0,0,0,0,0,0,0,0,0,0,2,Mariner's,Harbor,,0,Staten Island,0,Staten Island,27048,81629773.52,NY,Richmond,36,85,http://www.usps.com/,0,0
Port Ivory,10303,0101000020E6100000361E9B632D8B52C01523C021E1514440,-73.91515392,40.61597424,Mill Basin,11234,Mill Basin and Brooklyn and artist,9,8,1,7,5,6,5,4,2,4,5,2,Port,Ivory,,0,Staten Island,0,Staten Island,27048,81629773.52,NY,Richmond,36,85,http://www.usps.com/,0,0
Arlington,10303,0101000020E61000007B723711918A52C06B83355552514440,-73.79646462,40.71145964,Jamaica Hills,11432,Jamaica Hills and Queens and artist,0,0,0,1,0,0,2,0,0,0,0,1,Arlington,,,0,Staten Island,0,Staten Island,27048,81629773.52,NY,Richmond,36,85,http://www.usps.com/,0,0
Howland Hook,10303,0101000020E61000001A9A3415EB8B52C0EDD6CF2AB8514440,-73.79671678,40.73350025,Utopia,11365,Utopia and neighborhood and Queens and artist,23,17,23,11,8,14,23,25,26,18,27,2,Howland,Hook,,0,Staten Island,0,Staten Island,27048,81629773.52,NY,Richmond,36,85,http://www.usps.com/,0,0
Flatlands,11234,0101000020E61000001BB87B96767B52C060EAB974B2504440,-73.8048612,40.73493618,Pomonok,11365,Pomonok and Queens and artist,1,0,1,2,1,1,1,2,0,0,1,1,Flatlands,,,0,Brooklyn,0,Brooklyn,85853,206201040.1,NY,Kings,36,47,http://www.usps.com/,0,0
Marine Park,11234,0101000020E6100000397209249B7B52C061BA1A370C4E4440,-73.89467996,40.77031739,Astoria Heights,11370,Astoria Heights and Queens and artist,1,0,0,0,0,0,1,0,0,0,1,1,Marine Park,,,0,Brooklyn,0,Brooklyn,85853,206201040.1,NY,Kings,36,47,http://www.usps.com/,0,0
Bergen Beach,11234,0101000020E61000004E826FF2817952C032AC7038BD4E4440,-73.90119903,40.83142834,Claremont Village,10456,Claremont Village and Bronx and artist,0,0,0,0,0,1,1,2,0,1,0,2,Bergen,Beach,,0,Brooklyn,0,Brooklyn,85853,206201040.1,NY,Kings,36,47,http://www.usps.com/,0,0
Georgetown,11234,0101000020E61000007B195DF8A07A52C0840E3629DA4F4440,-73.91584653,40.82478049,Concourse Village,10451,Concourse Village and Bronx and artist,2,0,0,0,3,3,5,0,2,1,2,1,Georgetown,,,0,Brooklyn,0,Brooklyn,85853,206201040.1,NY,Kings,36,47,http://www.usps.com/,0,0
Mill Basin,11234,0101000020E61000006079BAE1917A52C0352E6F3ED84E4440,-73.91655552,40.84382618,Mount Eden,10452,Mount Eden and Bronx and artist,0,0,2,0,1,2,3,1,2,1,3,2,Mill,Basin,,0,Brooklyn,0,Brooklyn,85853,206201040.1,NY,Kings,36,47,http://www.usps.com/,0,0
Bushwick,11221,0101000020E6100000A89B396D377B52C0CF0363DE5B594440,-73.90829931,40.84884161,Mount Hope,10453,Mount Hope and Bronx and artist,4,4,4,1,7,3,2,2,0,3,5,1,Bushwick,,,0,Brooklyn,0,Brooklyn,80232,38580480.43,NY,Kings,36,47,http://www.usps.com/,0,0
Bedford Stuyvesant,11221,0101000020E610000066471E34467C52C0F1F78F34F7574440,-73.96355614,40.76028033,Sutton Place,10022,Sutton Place and Manhattan and artist,12,15,12,7,6,9,11,8,9,8,6,1,Bedford Stuyvesant,,,0,Brooklyn,0,Brooklyn,80232,38580480.43,NY,Kings,36,47,http://www.usps.com/,0,0
Elm Park,10302,0101000020E6100000396FBA86138952C0E88DFEA5A8504440,-73.95386782,40.74341409,Hunters Point,11101,Hunters Point and Queens and artist,7,3,5,5,8,1,7,4,10,8,1,2,Elm,Park,,0,Staten Island,0,Staten Island,18123,29555323.02,NY,Richmond,36,85,http://www.usps.com/,0,0
Dyker Heights,11228,0101000020E61000008BFBC36F3C8152C09EFB4B95424F4440,-73.96770825,40.75204237,Turtle Bay,10017,Turtle Bay and Manhattan and artist,17,6,3,11,2,9,3,4,5,8,4,2,Dyker,Heights,,0,Brooklyn,0,Brooklyn,43080,43893024.73,NY,Kings,36,47,http://www.usps.com/,0,0
Gravesend,11223,0101000020E6100000EF2BCB584D7E52C0105EE87A314C4440,-73.97121929,40.74691741,Tudor City,10016,Tudor City and Manhattan and artist,10,5,2,6,3,2,4,5,1,2,6,1,Gravesend,,,0,Brooklyn,0,Brooklyn,79864,58702923.47,NY,Kings,36,47,http://www.usps.com/,0,0
Jackson Heights,11372,0101000020E61000000B350924807852C00C4F05ED40604440,-73.9740517,40.73099955,Stuyvesant Town,10009,Stuyvesant Town and Manhattan and artist,4,7,6,9,9,7,11,3,0,1,6,2,Jackson,Heights,,0,Queens,0,Jackson Heights,66636,20163283.87,NY,Queens,36,81,http://www.usps.com/,0,0
Bellerose,11426,0101000020E6100000AB6F5F94166E52C02C37D2E2415D4440,-73.99094711,40.73967305,Flatiron,10011,Flatiron and Manhattan and artist,70,91,83,71,64,131,91,111,129,137,167,1,Bellerose,,,0,Queens,0,Bellerose,20050,49609163.54,NY,Queens,36,81,http://www.usps.com/,0,0
Forest Hills,11375,0101000020E61000004B4BE7E00B7652C0A5AF9071D55C4440,-73.91819286,40.74565181,Sunnyside Gardens,11104,Sunnyside Gardens and Queens and artist,3,0,3,4,1,1,2,7,5,0,1,2,Forest,Hills,,0,Queens,0,Forest Hills,68555,55587771.83,NY,Queens,36,81,http://www.usps.com/,0,0
Forest Hills Gardens,11375,0101000020E6100000B0ED684ED37552C0DF393C60785B4440,-73.93244235,40.73725072,Blissville,11101,Blissville and Queens and artist,0,0,2,0,0,1,0,0,0,0,0,3,Forest,Hills,Gardens,0,Queens,0,Forest Hills,68555,55587771.83,NY,Queens,36,81,http://www.usps.com/,0,0
Bellaire,11427,0101000020E61000005624A0014A6F52C092407167D35D4440,-73.99550752,40.70328109,Fulton Ferry,11201,Fulton Ferry and Brooklyn and artist,65,57,67,82,42,29,43,27,27,18,59,1,Bellaire,,,0,Queens,0,Queens Village,21942,39435767.42,NY,Queens,36,81,http://www.usps.com/,0,0
Rego Park,11374,0101000020E6100000D30DABA2E67652C01B6AEC054F5D4440,-73.98111604,40.7033215,Vinegar Hill,11201,Vinegar Hill and Brooklyn and artist,1,3,3,6,9,5,15,3,7,10,11,1,Rego Park,,,0,Queens,0,Rego Park,42755,25203558.58,NY,Queens,36,81,http://www.usps.com/,0,0
Hollis,11423,0101000020E6100000BD1CB48D977052C0BA446D060A5B4440,-73.93053109,40.67503987,Weeksville,11213,Weeksville and Brooklyn and artist,5,18,4,12,4,7,7,15,4,11,9,1,Hollis,,,0,Queens,0,Hollis,30243,45095032.1,NY,Queens,36,81,http://www.usps.com/,0,0
Holliswood,11423,0101000020E6100000FFF25CD9187152C0FE526653485C4440,-73.90331685,40.67786105,Broadway Junction,11233,Broadway Junction and Brooklyn and artist,1,1,5,0,0,0,2,2,0,1,1,1,Holliswood,,,0,Queens,0,Hollis,30243,45095032.1,NY,Queens,36,81,http://www.usps.com/,0,0
Queens Village,11428,0101000020E6100000A8EDA11A476F52C0F31658B0045C4440,-73.98875281,40.70317633,Dumbo,11201,Dumbo and Brooklyn and artist,87,97,127,136,104,139,177,189,238,205,199,2,Queens,Village,,0,Queens,0,Queens Village,18818,21927545.49,NY,Queens,36,81,http://www.usps.com/,0,0
Middle Village,11379,0101000020E610000098306AA6647852C0F7E67F78B35B4440,-74.120594,40.60180958,Manor Heights,10314,Manor Heights and Staten Island and artist,0,0,0,0,0,0,0,0,0,0,1,2,Middle,Village,,0,Queens,0,Middle Village,35428,57622817.05,NY,Queens,36,81,http://www.usps.com/,0,0
Briarwood,11435,0101000020E6100000D24BD3AEF37352C09906FEEEFF5A4440,-74.13208447,40.60370693,Willowbrook,10314,Willowbrook and Staten Island and artist,2,2,15,9,3,19,7,2,3,3,3,1,Briarwood,,,0,Queens,0,Jamaica,53404,42105899.16,NY,Queens,36,81,http://www.usps.com/,0,0
Upper East Side,10075,0101000020E61000003F0D00F5787D52C07CECF01F48634440,-74.21776636,40.54113992,Sandy Ground,10309,Sandy Ground and Staten Island and artist,1,0,0,1,0,5,0,1,1,0,1,3,Upper,East,Side,0,Manhattan,0,New York,25203,4809654.276,NY,New York,36,61,http://www.usps.com/,0,0
Richmond Hill,11418,0101000020E6100000B9F760C13C7552C08F856D5656594440,-74.12727241,40.57911874,Egbertville,10306,Egbertville and Staten Island and artist,0,2,0,0,2,0,0,0,0,1,0,2,Richmond,Hill,,0,Queens,0,Richmond Hill,36607,32025130.92,NY,Queens,36,81,http://www.usps.com/,0,0
South Jamaica,11433,0101000020E6100000D7047C57967252C0FC9E516334594440,-73.8921376,40.56737589,Roxbury,11697,Roxbury and neighborhood and Queens and artist,2,4,3,3,4,1,2,4,5,6,5,1,South Jamaica,,,0,Queens,0,Jamaica,33679,47739432.6,NY,Queens,36,81,http://www.usps.com/,0,0
Woodhaven,11421,0101000020E610000047772848EB7652C01EF697364E584440,-73.95918459,40.5985251,Homecrest,11229,Homecrest and Brooklyn and artist,1,0,0,1,3,1,2,0,1,0,1,1,Woodhaven,,,0,Queens,0,Woodhaven,39014,24314441.76,NY,Queens,36,81,http://www.usps.com/,0,0
Rochdale,11434,0101000020E6100000AD666B14727152C001ADB7536D564440,-73.88114319,40.71641451,Middle Village,11379,Middle Village and Queens and artist,20,12,7,13,4,13,6,7,9,11,4,1,Rochdale,,,0,Queens,0,Jamaica,57989,87379704.16,NY,Queens,36,81,http://www.usps.com/,0,0
Ocean Hill,11233,0101000020E6100000181219B66F7A52C03E2F19E5D5564440,-74.20152556,40.52626407,Prince's Bay,10309,Prince's Bay and Staten Island and artist,2,0,0,1,0,1,0,0,0,0,0,2,Ocean,Hill,,0,Brooklyn,0,Brooklyn,66737,37871693.68,NY,Kings,36,47,http://www.usps.com/,0,0
Broadway Junction,11233,0101000020E6100000189678F1CF7952C0BB8A9B26C4564440,-74.13792664,40.57650629,Lighthouse Hill,10306,Lighthouse Hill and Staten Island and artist,0,2,0,0,0,0,1,1,0,0,0,2,Broadway,Junction,,0,Brooklyn,0,Brooklyn,66737,37871693.68,NY,Kings,36,47,http://www.usps.com/,0,0
Sutton Place,10022,0101000020E61000007A4D60E7AA7D52C07264ABDD50614440,-74.22957081,40.51954146,Richmond Valley,10309,Richmond Valley and Staten Island and artist,0,0,0,1,0,0,0,0,0,0,0,2,Sutton,Place,,0,Manhattan,0,New York,33135,12728335.62,NY,New York,36,61,http://www.usps.com/,0,0
Elmhurst,11373,0101000020E61000007FE6380E6D7852C088113EFB3C5F4440,-73.82667757,40.79060156,Malba,11357,Malba and Queens and artist,1,0,1,1,0,0,0,2,0,0,0,1,Elmhurst,,,0,Queens,0,Elmhurst,101282,42654860.34,NY,Queens,36,81,http://www.usps.com/,0,0
,,,-73.89028099,40.68248551,Highland Park,11207,Highland Park and neighborhood and Brooklyn and artist,5,5,4,6,12,13,4,11,27,16,20,,,,,,,,,,,,,,,,,
,,,-73.94841515,40.6093777,Madison,11229,Madison Brooklyn and artist,1,1,0,0,0,1,0,0,0,0,1,,,,,,,,,,,,,,,,,
,,,,,,,,,,,,,,,,,,,,,,,,,,,,,,,,,,,
,,,,,,,,,,,,,,,,,,,,,,,,,,,,,,,,,,,
,,,,,,,,,,,,,,,,,,,,,,,,,,,,,,,,,,,
,,,,,,,"Credit: Katherine Pradt, GC CUNY Mi0 Rees Library",,,,,,,,,,,,,,,,,,,,,,,,,,,,
